DATE,OPEN,HIGH,LOW,CLOSE,TICKVOL,VOL,SPREAD
2013.04.09,14505,14593,14436,14559,261,0,0
2013.04.10,14552,14708,14461,14708,339,0,0
2013.04.11,14684,14788,14579,14788,315,0,0
2013.04.12,14787,14800,14651,14800,286,0,0
2013.04.15,14702,14738,14350,14372,447,0,0
2013.04.16,14371,14625,14371,14625,255,0,0
2013.04.17,14542,14620,14419,14499,360,0,0
2013.04.18,14484,14537,14340,14340,251,0,0
2013.04.19,14312,14410,14312,14410,99,0,0
2013.04.22,14470,14475,14307,14320,187,0,0
2013.04.23,14410,14597,14360,14501,384,0,0
2013.04.24,14568,14651,14520,14540,235,0,0
2013.04.25,14600,14651,14479,14651,294,0,0
2013.04.26,14519,14643,14519,14599,169,0,0
2013.04.29,14564,14726,14514,14515,376,0,0
2013.04.30,14680,14743,14587,14743,250,0,0
2013.05.01,14742,14752,14550,14606,269,0,0
2013.05.02,14585,14722,14504,14722,300,0,0
2013.05.03,14721,14892,14623,14853,407,0,0
2013.05.06,14769,14900,14769,14900,132,0,0
2013.05.07,14832,14960,14803,14960,187,0,0
2013.05.08,14901,14997,14850,14997,199,0,0
2013.05.09,14941,15047,14930,15045,131,0,0
2013.05.10,15055,15055,14919,15006,224,0,0
2013.05.13,14973,15029,14903,14999,227,0,0
2013.05.14,15050,15150,14940,15150,321,0,0
2013.05.15,15099,15206,15072,15149,219,0,0
2013.05.16,15160,15204,15136,15151,128,0,0
2013.05.17,15171,15260,15144,15260,144,0,0
2013.05.20,15207,15320,15207,15320,114,0,0
2013.05.21,15259,15350,15230,15350,150,0,0
2013.05.22,15278,15459,15164,15300,569,0,0
2013.05.23,15256,15300,15065,15300,427,0,0
2013.05.24,15201,15291,15102,15270,310,0,0
2013.05.27,15180,15295,15145,15277,204,0,0
2013.05.28,15241,15442,15233,15429,231,0,0
2013.05.29,15286,15376,15068,15068,399,0,0
2013.05.30,15205,15355,15158,15355,245,0,0
2013.05.31,15236,15325,15030,15094,449,0,0
2013.06.03,15041,15200,15031,15200,180,0,0
2013.06.04,15151,15229,15017,15200,376,0,0
2013.06.05,15106,15130,14856,14922,365,0,0
2013.06.06,14884,15020,14762,15020,381,0,0
2013.06.07,14966,15178,14908,15165,342,0,0
2013.06.10,15133,15223,15095,15203,187,0,0
2013.06.11,15167,15179,15004,15068,252,0,0
2013.06.12,15065,15166,14900,14908,376,0,0
2013.06.13,14908,15134,14802,15128,445,0,0
2013.06.14,15121,15138,14972,14985,197,0,0
2013.06.17,14987,15194,14985,15118,288,0,0
2013.06.18,15121,15272,15106,15256,198,0,0
2013.06.19,15250,15276,15024,15030,285,0,0
2013.06.20,15039,15044,14656,14697,435,0,0
2013.06.21,14706,14799,14608,14711,378,0,0
2013.06.24,14703,14729,14473,14586,396,0,0
2013.06.25,14595,14736,14528,14684,328,0,0
2013.06.26,14680,14863,14620,14833,334,0,0
2013.06.27,14831,15000,14818,14934,262,0,0
2013.06.28,14925,15000,14803,14810,280,0,0
2013.07.01,14842,15010,14790,14883,400,0,0
2013.07.02,14880,14978,14794,14861,350,0,0
2013.07.03,14856,14955,14749,14913,356,0,0
2013.07.04,14917,15064,14915,15041,175,0,0
2013.07.05,15037,15110,14894,15072,398,0,0
2013.07.08,15077,15198,15062,15168,182,0,0
2013.07.09,15163,15256,15162,15232,120,0,0
2013.07.10,15230,15317,15191,15299,184,0,0
2013.07.11,15312,15417,15311,15387,138,0,0
2013.07.12,15388,15431,15345,15367,152,0,0
2013.07.15,15365,15442,15362,15419,107,0,0
2013.07.16,15414,15432,15351,15387,136,0,0
2013.07.17,15391,15456,15344,15410,206,0,0
2013.07.18,15433,15531,15399,15475,223,0,0
2013.07.19,15463,15509,15427,15503,125,0,0
2013.07.22,15512,15538,15457,15493,144,0,0
2013.07.23,15491,15545,15485,15516,96,0,0
2013.07.24,15517,15562,15437,15501,235,0,0
2013.07.25,15495,15502,15397,15495,211,0,0
2013.07.26,15492,15519,15342,15501,346,0,0
2013.07.29,15491,15503,15420,15479,155,0,0
2013.07.30,15476,15536,15418,15485,228,0,0
2013.07.31,15478,15579,15429,15475,298,0,0
2013.08.01,15477,15594,15470,15568,158,0,0
2013.08.02,15564,15598,15495,15589,182,0,0
2013.08.05,15577,15595,15523,15546,114,0,0
2013.08.06,15540,15561,15412,15463,222,0,0
2013.08.07,15460,15464,15374,15444,165,0,0
2013.08.08,15441,15521,15371,15453,289,0,0
2013.08.09,15449,15470,15304,15367,251,0,0
2013.08.12,15369,15402,15288,15399,199,0,0
2013.08.13,15394,15472,15305,15412,317,0,0
2013.08.14,15415,15425,15280,15291,167,0,0
2013.08.15,15283,15298,15055,15056,260,0,0
2013.08.16,15066,15111,15027,15035,138,0,0
2013.08.19,15037,15076,14977,14993,155,0,0
2013.08.20,15000,15045,14958,14986,161,0,0
2013.08.21,14988,14995,14824,14830,185,0,0
2013.08.22,14828,14963,14801,14943,210,0,0
2013.08.23,14937,15004,14903,14986,154,0,0
2013.08.26,14978,15031,14920,14934,179,0,0
2013.08.27,14935,14941,14743,14753,215,0,0
2013.08.28,14759,14846,14739,14790,184,0,0
2013.08.29,14793,14899,14781,14842,188,0,0
2013.08.30,14843,14892,14744,14798,252,0,0
2013.09.02,14850,14919,14848,14905,88,0,0
2013.09.03,14906,14926,14760,14814,241,0,0
2013.09.04,14812,14947,14781,14938,207,0,0
2013.09.05,14932,14971,14893,14910,135,0,0
2013.09.06,14909,15000,14775,14908,450,0,0
2013.09.09,14906,15080,14904,15053,206,0,0
2013.09.10,15051,15187,15038,15185,165,0,0
2013.09.11,15178,15343,15160,15341,204,0,0
2013.09.12,15337,15345,15283,15310,98,0,0
2013.09.13,15306,15394,15280,15388,147,0,0
2013.09.16,15502,15581,15471,15490,209,0,0
2013.09.17,15489,15556,15479,15537,107,0,0
2013.09.18,15539,15709,15470,15655,363,0,0
2013.09.19,15666,15726,15626,15629,164,0,0
2013.09.20,15567,15582,15396,15417,223,0,0
2013.09.23,15430,15453,15304,15329,198,0,0
2013.09.24,15329,15368,15260,15276,164,0,0
2013.09.25,15282,15305,15181,15208,175,0,0
2013.09.26,15215,15317,15207,15292,144,0,0
2013.09.27,15295,15298,15134,15175,209,0,0
2013.09.30,15103,15111,15000,15085,205,0,0
2013.10.01,15082,15138,15032,15134,161,0,0
2013.10.02,15130,15136,14968,15019,226,0,0
2013.10.03,15023,15029,14868,14890,190,0,0
2013.10.04,14894,15007,14889,14981,150,0,0
2013.10.07,14929,14948,14840,14845,133,0,0
2013.10.08,14843,14874,14675,14677,233,0,0
2013.10.09,14690,14780,14647,14720,237,0,0
2013.10.10,14719,15050,14718,15021,363,0,0
2013.10.11,15027,15190,14947,15187,327,0,0
2013.10.14,15069,15240,15036,15230,248,0,0
2013.10.15,15234,15262,15081,15113,242,0,0
2013.10.16,15102,15308,15084,15240,311,0,0
2013.10.17,15236,15311,15136,15297,290,0,0
2013.10.18,15290,15350,15259,15309,164,0,0
2013.10.21,15318,15364,15296,15318,137,0,0
2013.10.22,15320,15457,15302,15402,229,0,0
2013.10.23,15396,15397,15302,15361,156,0,0
2013.10.24,15360,15473,15345,15466,151,0,0
2013.10.25,15462,15510,15414,15498,157,0,0
2013.10.27,15490,15505,15490,15497,24,0,0
2013.10.28,15496,15572,15467,15499,208,0,0
2013.10.29,15500,15624,15482,15611,174,0,0
2013.10.30,15610,15674,15481,15487,264,0,0
2013.10.31,15485,15590,15482,15521,181,0,0
2013.11.01,15522,15587,15480,15542,195,0,0
2013.11.04,15537,15606,15522,15570,136,0,0
2013.11.05,15568,15587,15455,15549,246,0,0
2013.11.06,15553,15696,15545,15677,179,0,0
2013.11.07,15672,15777,15539,15540,345,0,0
2013.11.08,15543,15717,15495,15700,288,0,0
2013.11.11,15708,15742,15675,15729,114,0,0
2013.11.12,15726,15749,15655,15699,162,0,0
2013.11.13,15703,15806,15611,15780,314,0,0
2013.11.14,15780,15849,15762,15837,118,0,0
2013.11.15,15835,15928,15823,15917,129,0,0
2013.11.18,15914,15991,15894,15945,164,0,0
2013.11.19,15941,15991,15908,15932,158,0,0
2013.11.20,15935,15988,15834,15879,253,0,0
2013.11.21,15872,15985,15848,15979,168,0,0
2013.11.22,15970,16041,15947,16028,131,0,0
2013.11.25,16030,16098,16026,16055,120,0,0
2013.11.26,16049,16096,16044,16060,94,0,0
2013.11.27,16055,16094,16041,16074,88,0,0
2013.11.28,16079,16133,16079,16117,71,0,0
2013.11.29,16113,16160,16060,16062,150,0,0
2013.12.02,16093,16112,15971,15987,177,0,0
2013.12.03,15984,16002,15846,15891,220,0,0
2013.12.04,15895,15952,15783,15891,335,0,0
2013.12.05,15890,15896,15801,15812,113,0,0
2013.12.06,15822,16058,15819,16019,282,0,0
2013.12.09,16027,16053,16002,16023,99,0,0
2013.12.10,16027,16045,15960,15982,126,0,0
2013.12.11,15934,15956,15762,15773,228,0,0
2013.12.12,15783,15797,15642,15666,194,0,0
2013.12.13,15676,15735,15658,15697,134,0,0
2013.12.16,15696,15877,15607,15819,418,0,0
2013.12.17,15817,15866,15775,15798,164,0,0
2013.12.18,15803,16125,15748,16106,452,0,0
2013.12.19,16108,16137,16036,16114,197,0,0
2013.12.20,16117,16222,16111,16204,136,0,0
2013.12.23,16209,16255,16203,16242,72,0,0
2013.12.24,16243,16302,16221,16296,110,0,0
2013.12.26,16305,16426,16305,16424,124,0,0
2013.12.27,16421,16463,16389,16419,147,0,0
2013.12.30,16407,16448,16404,16447,49,0,0
2013.12.31,16444,16537,16434,16536,115,0,0
2014.01.02,16455,16493,16352,16388,216,0,0
2014.01.03,16391,16452,16334,16392,236,0,0
2014.01.06,16398,16470,16335,16356,229,0,0
2014.01.07,16360,16494,16359,16455,176,0,0
2014.01.08,16454,16480,16355,16401,198,0,0
2014.01.09,16401,16468,16312,16394,306,0,0
2014.01.10,16391,16458,16316,16385,279,0,0
2014.01.13,16382,16390,16178,16207,250,0,0
2014.01.14,16211,16310,16181,16301,169,0,0
2014.01.15,16295,16443,16288,16406,200,0,0
2014.01.16,16408,16425,16312,16340,159,0,0
2014.01.17,16339,16433,16320,16392,174,0,0
2014.01.20,16386,16397,16366,16395,54,0,0
2014.01.21,16395,16487,16253,16321,395,0,0
2014.01.22,16321,16381,16273,16312,208,0,0
2014.01.23,16321,16352,16077,16144,374,0,0
2014.01.24,16149,16179,15794,15795,417,0,0
2014.01.27,15810,15884,15721,15778,295,0,0
2014.01.28,15785,15941,15783,15927,175,0,0
2014.01.29,15974,15974,15642,15692,383,0,0
2014.01.30,15700,15844,15664,15749,312,0,0
2014.01.31,15738,15752,15549,15640,309,0,0
2014.02.03,15650,15695,15282,15310,487,0,0
2014.02.04,15320,15415,15282,15336,251,0,0
2014.02.05,15350,15413,15274,15379,250,0,0
2014.02.06,15377,15575,15376,15561,215,0,0
2014.02.07,15561,15747,15471,15747,367,0,0
2014.02.10,15741,15756,15674,15744,162,0,0
2014.02.11,15742,15971,15735,15927,288,0,0
2014.02.12,15923,16006,15896,15943,201,0,0
2014.02.13,15936,16010,15820,15975,342,0,0
2014.02.14,15974,16146,15910,16117,330,0,0
2014.02.17,16120,16186,16098,16152,145,0,0
2014.02.18,16146,16175,16076,16109,162,0,0
2014.02.19,16103,16199,16002,16023,315,0,0
2014.02.20,16023,16136,15947,16101,301,0,0
2014.02.21,16099,16169,16071,16083,181,0,0
2014.02.24,16098,16279,16038,16178,403,0,0
2014.02.25,16177,16233,16121,16195,207,0,0
2014.02.26,16194,16242,16134,16196,215,0,0
2014.02.27,16192,16286,16101,16281,282,0,0
2014.02.28,16271,16386,16210,16327,297,0,0
2014.03.03,16205,16220,16057,16151,273,0,0
2014.03.04,16154,16407,16150,16382,287,0,0
2014.03.05,16364,16403,16329,16361,146,0,0
2014.03.06,16362,16437,16342,16419,134,0,0
2014.03.07,16415,16505,16387,16443,209,0,0
2014.03.09,16422,16426,16409,16415,28,0,0
2014.03.10,16415,16458,16325,16401,253,0,0
2014.03.11,16399,16455,16318,16334,210,0,0
2014.03.12,16334,16364,16254,16340,215,0,0
2014.03.13,16341,16409,16015,16057,505,0,0
2014.03.14,16058,16097,15975,15993,180,0,0
2014.03.16,15991,15997,15909,15937,123,0,0
2014.03.17,15934,16205,15932,16183,298,0,0
2014.03.18,16183,16301,16129,16250,278,0,0
2014.03.19,16252,16292,16048,16140,377,0,0
2014.03.20,16141,16279,16076,16250,298,0,0
2014.03.21,16247,16376,16207,16222,314,0,0
2014.03.23,16212,16230,16208,16224,33,0,0
2014.03.24,16227,16301,16133,16211,321,0,0
2014.03.25,16210,16328,16190,16310,177,0,0
2014.03.26,16312,16390,16169,16181,312,0,0
2014.03.27,16180,16227,16110,16191,224,0,0
2014.03.28,16191,16339,16179,16237,275,0,0
2014.03.31,16288,16402,16278,16376,161,0,0
2014.04.01,16378,16486,16357,16453,184,0,0
2014.04.02,16449,16509,16430,16488,120,0,0
2014.04.03,16485,16529,16450,16511,133,0,0
2014.04.04,16506,16573,16311,16365,384,0,0
2014.04.07,16352,16355,16166,16183,210,0,0
2014.04.08,16188,16224,16105,16175,226,0,0
2014.04.09,16178,16369,16173,16367,204,0,0
2014.04.10,16368,16383,16076,16126,373,0,0
2014.04.11,16123,16145,15938,15965,257,0,0
2014.04.14,15934,16111,15911,16099,236,0,0
2014.04.15,16097,16251,15987,16236,390,0,0
2014.04.16,16235,16364,16221,16314,208,0,0
2014.04.17,16311,16384,16278,16342,182,0,0
2014.04.21,16348,16389,16334,16365,94,0,0
2014.04.22,16365,16497,16340,16457,223,0,0
2014.04.23,16450,16503,16409,16500,139,0,0
2014.04.24,16487,16511,16383,16404,174,0,0
2014.04.25,16398,16413,16263,16323,226,0,0
2014.04.28,16328,16434,16241,16398,317,0,0
2014.04.29,16397,16491,16389,16462,140,0,0
2014.04.30,16457,16523,16431,16515,127,0,0
2014.05.01,16512,16534,16454,16497,146,0,0
2014.05.02,16491,16548,16417,16426,198,0,0
2014.05.05,16447,16482,16306,16463,337,0,0
2014.05.06,16458,16486,16332,16359,210,0,0
2014.05.07,16356,16478,16303,16469,238,0,0
2014.05.08,16469,16571,16440,16498,234,0,0
2014.05.09,16493,16541,16450,16530,146,0,0
2014.05.12,16528,16668,16528,16666,143,0,0
2014.05.13,16663,16691,16651,16679,65,0,0
2014.05.14,16676,16692,16556,16591,188,0,0
2014.05.15,16589,16617,16365,16415,331,0,0
2014.05.16,16415,16469,16376,16458,144,0,0
2014.05.19,16466,16495,16386,16481,204,0,0
2014.05.20,16474,16503,16308,16339,256,0,0
2014.05.21,16338,16519,16325,16494,233,0,0
2014.05.22,16488,16558,16465,16529,146,0,0
2014.05.23,16524,16591,16521,16585,80,0,0
2014.05.26,16592,16647,16587,16631,82,0,0
2014.05.27,16632,16664,16617,16658,69,0,0
2014.05.28,16654,16689,16600,16633,158,0,0
2014.05.29,16629,16685,16607,16679,107,0,0
2014.05.30,16674,16706,16634,16691,128,0,0
2014.06.02,16709,16743,16668,16726,134,0,0
2014.06.03,16717,16726,16677,16718,98,0,0
2014.06.04,16712,16732,16661,16723,132,0,0
2014.06.05,16718,16835,16694,16820,181,0,0
2014.06.06,16818,16937,16814,16937,128,0,0
2014.06.09,16930,16940,16923,16923,28,0,0
2014.06.10,16840,16877,16815,16877,88,0,0
2014.06.11,16868,16869,16742,16784,171,0,0
2014.06.12,16777,16807,16632,16678,252,0,0
2014.06.13,16680,16717,16639,16694,143,0,0
2014.06.16,16693,16730,16623,16702,206,0,0
2014.06.17,16699,16758,16652,16732,180,0,0
2014.06.18,16728,16830,16650,16816,273,0,0
2014.06.19,16811,16843,16776,16826,120,0,0
2014.06.20,16821,16893,16813,16859,123,0,0
2014.06.23,16845,16909,16807,16826,186,0,0
2014.06.24,16826,16883,16716,16742,251,0,0
2014.06.25,16742,16801,16698,16768,181,0,0
2014.06.26,16766,16798,16658,16765,280,0,0
2014.06.27,16762,16779,16687,16760,183,0,0
2014.06.30,16766,16784,16716,16754,125,0,0
2014.07.01,16751,16916,16748,16879,209,0,0
2014.07.02,16879,16906,16871,16896,54,0,0
2014.07.03,16894,16992,16885,16965,144,0,0
2014.07.04,16959,16980,16959,16971,31,0,0
2014.07.07,16967,16977,16907,16942,116,0,0
2014.07.08,16942,16948,16796,16856,219,0,0
2014.07.09,16855,16925,16837,16916,116,0,0
2014.07.10,16912,16917,16721,16838,319,0,0
2014.07.11,16835,16891,16785,16881,167,0,0
2014.07.14,16877,17014,16877,16979,173,0,0
2014.07.15,16980,17043,16931,17011,194,0,0
2014.07.16,17002,17068,16990,17040,119,0,0
2014.07.17,17040,17083,16886,16892,247,0,0
2014.07.18,16884,17047,16834,17025,286,0,0
2014.07.21,17022,17027,16908,16977,194,0,0
2014.07.22,16975,17067,16975,17030,130,0,0
2014.07.23,17015,17064,16991,17029,133,0,0
2014.07.24,17024,17061,16963,16983,156,0,0
2014.07.25,16974,17003,16846,16887,228,0,0
2014.07.28,16888,16936,16807,16913,234,0,0
2014.07.29,16912,16991,16839,16853,246,0,0
2014.07.30,16852,16923,16751,16818,311,0,0
2014.07.31,16814,16819,16488,16505,354,0,0
2014.08.01,16510,16547,16369,16411,258,0,0
2014.08.04,16427,16490,16377,16482,172,0,0
2014.08.05,16484,16498,16297,16368,287,0,0
2014.08.06,16369,16440,16272,16392,314,0,0
2014.08.07,16390,16457,16280,16324,289,0,0
2014.08.08,16321,16500,16207,16478,430,0,0
2014.08.11,16475,16579,16473,16522,166,0,0
2014.08.12,16522,16558,16464,16534,177,0,0
2014.08.13,16532,16631,16518,16629,130,0,0
2014.08.14,16625,16689,16596,16689,123,0,0
2014.08.15,16685,16740,16537,16643,365,0,0
2014.08.18,16679,16809,16667,16809,155,0,0
2014.08.19,16803,16897,16803,16885,107,0,0
2014.08.20,16881,16969,16854,16953,159,0,0
2014.08.21,16946,17048,16937,17015,154,0,0
2014.08.22,17014,17044,16962,16999,150,0,0
2014.08.25,16976,17101,16976,17054,173,0,0
2014.08.26,17047,17130,17037,17097,137,0,0
2014.08.27,17096,17117,17071,17093,90,0,0
2014.08.28,17090,17101,17006,17100,181,0,0
2014.08.29,17096,17132,17021,17070,197,0,0
2014.09.01,17073,17091,17052,17084,68,0,0
2014.09.02,17083,17128,17001,17056,228,0,0
2014.09.03,17051,17150,17047,17068,190,0,0
2014.09.04,17064,17151,17017,17091,242,0,0
2014.09.05,17086,17129,16996,17129,224,0,0
2014.09.08,17118,17128,17069,17100,101,0,0
2014.09.09,17095,17119,16900,16945,289,0,0
2014.09.10,16940,16992,16881,16971,192,0,0
2014.09.11,16966,16979,16888,16977,172,0,0
2014.09.12,16974,16977,16849,16896,179,0,0
2014.09.15,16871,16966,16837,16951,179,0,0
2014.09.16,16952,17080,16889,17057,278,0,0
2014.09.17,17056,17133,17004,17086,229,0,0
2014.09.18,17083,17205,17069,17200,156,0,0
2014.09.19,17195,17277,17169,17189,211,0,0
2014.09.22,17195,17208,17068,17069,155,0,0
2014.09.23,17081,17108,16927,16937,219,0,0
2014.09.24,16936,17146,16936,17133,224,0,0
2014.09.25,17129,17146,16863,16909,347,0,0
2014.09.26,16906,17067,16880,17025,256,0,0
2014.09.29,17027,17035,16847,16976,326,0,0
2014.09.30,16976,17061,16929,16930,219,0,0
2014.10.01,16933,16982,16688,16745,401,0,0
2014.10.02,16739,16772,16588,16721,351,0,0
2014.10.03,16724,16945,16703,16920,289,0,0
2014.10.06,16923,17018,16843,16880,308,0,0
2014.10.07,16877,16902,16617,16620,314,0,0
2014.10.08,16629,16926,16581,16910,410,0,0
2014.10.09,16899,16947,16534,16543,471,0,0
2014.10.10,16542,16680,16426,16430,397,0,0
2014.10.13,16403,16523,16215,16232,446,0,0
2014.10.14,16231,16383,16195,16284,324,0,0
2014.10.15,16289,16327,15768,16005,835,0,0
2014.10.16,16012,16134,15784,16028,685,0,0
2014.10.17,16037,16345,16017,16310,384,0,0
2014.10.20,16340,16417,16162,16349,502,0,0
2014.10.21,16340,16559,16208,16557,486,0,0
2014.10.22,16545,16596,16381,16425,311,0,0
2014.10.23,16422,16691,16402,16626,375,0,0
2014.10.24,16614,16745,16513,16741,338,0,0
2014.10.26,16744,16750,16733,16742,33,0,0
2014.10.27,16734,16795,16651,16754,269,0,0
2014.10.28,16755,16937,16753,16907,217,0,0
2014.10.29,16905,16989,16819,16922,324,0,0
2014.10.30,16923,17151,16830,17117,449,0,0
2014.10.31,17118,17353,17103,17290,329,0,0
2014.11.03,17311,17340,17266,17284,122,0,0
2014.11.04,17287,17327,17208,17304,222,0,0
2014.11.05,17302,17424,17288,17419,156,0,0
2014.11.06,17411,17511,17366,17507,195,0,0
2014.11.07,17498,17546,17437,17505,212,0,0
2014.11.10,17491,17567,17470,17555,131,0,0
2014.11.11,17544,17602,17530,17565,124,0,0
2014.11.12,17560,17582,17482,17566,195,0,0
2014.11.13,17558,17660,17542,17591,204,0,0
2014.11.14,17588,17637,17576,17613,98,0,0
2014.11.17,17603,17640,17511,17618,244,0,0
2014.11.18,17616,17698,17598,17648,169,0,0
2014.11.19,17646,17681,17590,17651,178,0,0
2014.11.20,17648,17699,17558,17696,235,0,0
2014.11.21,17692,17868,17677,17780,295,0,0
2014.11.24,17775,17830,17764,17789,119,0,0
2014.11.25,17785,17832,17762,17814,112,0,0
2014.11.26,17805,17846,17772,17826,128,0,0
2014.11.27,17821,17840,17785,17838,94,0,0
2014.11.28,17817,17876,17757,17806,228,0,0
2014.12.01,17775,17807,17701,17758,196,0,0
2014.12.02,17754,17884,17754,17870,145,0,0
2014.12.03,17864,17915,17838,17896,123,0,0
2014.12.04,17888,17927,17799,17889,256,0,0
2014.12.05,17885,17979,17842,17884,274,0,0
2014.12.08,17874,17891,17722,17786,251,0,0
2014.12.09,17783,17800,17552,17711,425,0,0
2014.12.10,17710,17737,17430,17467,372,0,0
2014.12.11,17469,17699,17444,17490,490,0,0
2014.12.12,17486,17506,17186,17208,363,0,0
2014.12.15,17195,17343,17050,17132,524,0,0
2014.12.16,17142,17366,16974,17016,659,0,0
2014.12.17,17023,17325,17016,17290,352,0,0
2014.12.18,17290,17739,17267,17728,507,0,0
2014.12.19,17720,17844,17686,17735,302,0,0
2014.12.22,17753,17926,17740,17902,224,0,0
2014.12.23,17902,18017,17892,17981,172,0,0
2014.12.24,17971,18029,17964,17988,114,0,0
2014.12.26,17986,18049,17986,18023,90,0,0
2014.12.29,18018,18034,17940,17999,170,0,0
2014.12.30,18000,18004,17887,17932,167,0,0
2014.12.31,17932,17983,17738,17772,331,0,0
2015.01.02,17782,17883,17654,17725,402,0,0
2015.01.05,17716,17745,17391,17464,457,0,0
2015.01.06,17464,17500,17175,17291,478,0,0
2015.01.07,17308,17522,17300,17516,237,0,0
2015.01.08,17516,17844,17512,17811,370,0,0
2015.01.09,17806,17862,17612,17634,329,0,0
2015.01.12,17640,17751,17490,17580,463,0,0
2015.01.13,17578,17852,17416,17552,847,0,0
2015.01.14,17542,17567,17182,17389,618,0,0
2015.01.15,17387,17532,17190,17207,505,0,0
2015.01.16,17216,17457,17124,17438,445,0,0
2015.01.19,17434,17521,17344,17386,307,0,0
2015.01.20,17396,17533,17270,17418,505,0,0
2015.01.21,17415,17533,17324,17495,339,0,0
2015.01.22,17492,17775,17408,17740,487,0,0
2015.01.23,17738,17794,17574,17574,277,0,0
2015.01.26,17503,17630,17431,17624,278,0,0
2015.01.27,17615,17621,17214,17390,590,0,0
2015.01.28,17392,17486,17092,17115,512,0,0
2015.01.29,17126,17435,17062,17404,469,0,0
2015.01.30,17408,17418,17081,17108,375,0,0
2015.02.02,17122,17313,16961,17284,543,0,0
2015.02.03,17279,17597,17213,17585,463,0,0
2015.02.04,17583,17711,17506,17515,343,0,0
2015.02.05,17523,17819,17490,17792,390,0,0
2015.02.06,17789,17891,17704,17800,364,0,0
2015.02.09,17732,17750,17623,17692,215,0,0
2015.02.10,17690,17829,17657,17797,238,0,0
2015.02.11,17799,17948,17717,17894,368,0,0
2015.02.12,17875,17945,17776,17923,291,0,0
2015.02.13,17925,18008,17911,17992,128,0,0
2015.02.16,17968,17989,17949,17985,64,0,0
2015.02.17,17912,18022,17890,18006,171,0,0
2015.02.18,18004,18026,17951,17985,132,0,0
2015.02.19,17983,18036,17895,17959,259,0,0
2015.02.20,17960,18120,17851,18108,391,0,0
2015.02.23,18101,18111,18032,18082,140,0,0
2015.02.24,18078,18206,18075,18186,155,0,0
2015.02.25,18183,18218,18157,18193,113,0,0
2015.02.26,18181,18226,18143,18199,149,0,0
2015.02.27,18195,18200,18116,18145,119,0,0
2015.03.02,18134,18268,18122,18252,175,0,0
2015.03.03,18244,18252,18119,18179,202,0,0
2015.03.04,18176,18181,18012,18087,250,0,0
2015.03.05,18086,18147,18069,18116,127,0,0
2015.03.06,18113,18125,17731,17775,451,0,0
2015.03.08,17791,17799,17759,17776,66,0,0
2015.03.09,17777,17940,17736,17878,308,0,0
2015.03.10,17881,17886,17549,17604,398,0,0
2015.03.11,17594,17653,17542,17573,202,0,0
2015.03.12,17566,17823,17559,17803,292,0,0
2015.03.13,17801,17826,17545,17663,425,0,0
2015.03.15,17658,17664,17631,17633,42,0,0
2015.03.16,17634,17911,17610,17835,402,0,0
2015.03.17,17834,17875,17700,17772,289,0,0
2015.03.18,17773,18015,17607,17989,601,0,0
2015.03.19,17988,18043,17845,17872,281,0,0
2015.03.20,17873,18115,17873,18028,330,0,0
2015.03.22,18030,18102,18030,18073,102,0,0
2015.03.23,18072,18124,17980,18027,244,0,0
2015.03.24,18017,18076,17927,17949,231,0,0
2015.03.25,17948,17965,17627,17662,391,0,0
2015.03.26,17664,17670,17464,17610,359,0,0
2015.03.27,17610,17676,17535,17621,272,0,0
2015.03.30,17624,17922,17583,17858,445,0,0
2015.03.31,17858,17877,17666,17686,251,0,0
2015.04.01,17686,17726,17474,17632,451,0,0
2015.04.02,17632,17729,17551,17683,306,0,0
2015.04.03,17675,17700,17494,17505,243,0,0
2015.04.06,17510,17857,17505,17790,425,0,0
2015.04.07,17786,17899,17772,17784,253,0,0
2015.04.08,17784,17896,17736,17847,258,0,0
2015.04.09,17844,17903,17738,17884,291,0,0
2015.04.10,17883,17987,17859,17976,164,0,0
2015.04.13,17967,18028,17890,17922,232,0,0
2015.04.14,17915,17995,17820,17969,297,0,0
2015.04.15,17969,18081,17934,18038,226,0,0
2015.04.16,18038,18091,17946,18037,290,0,0
2015.04.17,18036,18043,17666,17769,488,0,0
2015.04.20,17810,18015,17790,17924,337,0,0
2015.04.21,17912,18069,17846,17887,422,0,0
2015.04.22,17887,17975,17772,17940,354,0,0
2015.04.23,17937,18060,17823,17980,432,0,0
2015.04.24,17975,18035,17931,18022,162,0,0
2015.04.27,18018,18108,17947,17992,297,0,0
2015.04.28,17985,18059,17837,18053,377,0,0
2015.04.29,18041,18065,17874,17947,289,0,0
2015.04.30,17947,17977,17689,17790,420,0,0
2015.05.01,17786,17951,17771,17939,208,0,0
2015.05.04,17937,18054,17907,17996,236,0,0
2015.05.05,17996,18021,17823,17873,274,0,0
2015.05.06,17874,17971,17669,17778,509,0,0
2015.05.07,17779,17917,17627,17892,468,0,0
2015.05.08,17893,18152,17881,18119,317,0,0
2015.05.11,18128,18150,18024,18033,158,0,0
2015.05.12,18034,18069,17870,18038,395,0,0
2015.05.13,18041,18117,17995,18023,227,0,0
2015.05.14,18025,18211,17986,18201,275,0,0
2015.05.15,18194,18249,18177,18240,99,0,0
2015.05.18,18230,18289,18184,18268,173,0,0
2015.05.19,18265,18331,18226,18279,197,0,0
2015.05.20,18276,18322,18240,18243,132,0,0
2015.05.21,18237,18291,18196,18267,161,0,0
2015.05.22,18263,18292,18190,18226,168,0,0
2015.05.25,18219,18251,18179,18219,145,0,0
2015.05.26,18214,18228,17963,18053,370,0,0
2015.05.27,18053,18165,18024,18135,201,0,0
2015.05.28,18132,18146,18051,18137,186,0,0
2015.05.29,18131,18145,17951,18011,269,0,0
2015.06.01,18019,18104,17967,18044,250,0,0
2015.06.02,18042,18083,17904,18003,320,0,0
2015.06.03,18004,18160,17996,18102,231,0,0
2015.06.04,18094,18099,17863,17923,302,0,0
2015.06.05,17923,17950,17809,17836,196,0,0
2015.06.08,17831,17859,17750,17773,161,0,0
2015.06.09,17773,17807,17694,17768,222,0,0
2015.06.10,17768,18036,17766,18014,295,0,0
2015.06.11,18011,18110,17990,18052,200,0,0
2015.06.12,18045,18045,17769,17813,321,0,0
2015.06.15,17742,17784,17608,17705,316,0,0
2015.06.16,17705,17836,17602,17830,344,0,0
2015.06.17,17830,17912,17750,17825,320,0,0
2015.06.18,17830,18094,17776,18052,415,0,0
2015.06.19,18045,18074,17905,17906,200,0,0
2015.06.22,17972,18099,17958,18039,216,0,0
2015.06.23,18040,18106,18023,18073,134,0,0
2015.06.24,18072,18078,17878,17895,224,0,0
2015.06.25,17894,17995,17796,17828,333,0,0
2015.06.26,17827,17920,17785,17875,223,0,0
2015.06.29,17556,17754,17492,17533,502,0,0
2015.06.30,17533,17643,17474,17527,333,0,0
2015.07.01,17501,17713,17501,17681,245,0,0
2015.07.02,17677,17735,17593,17640,248,0,0
2015.07.03,17640,17670,17591,17627,146,0,0
2015.07.06,17354,17657,17353,17656,307,0,0
2015.07.07,17658,17724,17371,17679,686,0,0
2015.07.08,17675,17675,17402,17440,312,0,0
2015.07.09,17439,17676,17425,17450,492,0,0
2015.07.10,17450,17710,17450,17681,290,0,0
2015.07.13,17546,17901,17535,17899,380,0,0
2015.07.14,17890,17985,17864,17965,168,0,0
2015.07.15,17960,18004,17922,17998,127,0,0
2015.07.16,17984,18071,17975,18007,170,0,0
2015.07.17,17999,18023,17951,18000,144,0,0
2015.07.20,17984,18056,17980,17991,146,0,0
2015.07.21,17982,18018,17785,17799,284,0,0
2015.07.22,17807,17835,17728,17794,202,0,0
2015.07.23,17791,17831,17626,17693,313,0,0
2015.07.24,17690,17709,17472,17527,312,0,0
2015.07.27,17525,17545,17318,17403,333,0,0
2015.07.28,17403,17569,17369,17555,249,0,0
2015.07.29,17553,17695,17522,17672,228,0,0
2015.07.30,17658,17698,17555,17674,271,0,0
2015.07.31,17666,17719,17591,17630,221,0,0
2015.08.03,17614,17656,17414,17509,380,0,0
2015.08.04,17510,17555,17424,17435,188,0,0
2015.08.05,17398,17593,17398,17479,310,0,0
2015.08.06,17476,17511,17305,17368,305,0,0
2015.08.07,17368,17398,17220,17311,300,0,0
2015.08.10,17309,17572,17299,17547,309,0,0
2015.08.11,17544,17549,17296,17364,327,0,0
2015.08.12,17362,17394,17078,17353,624,0,0
2015.08.13,17356,17434,17291,17359,284,0,0
2015.08.14,17354,17446,17320,17439,168,0,0
2015.08.17,17438,17511,17297,17497,370,0,0
2015.08.18,17493,17533,17434,17476,182,0,0
2015.08.19,17474,17509,17247,17285,336,0,0
2015.08.20,17286,17319,16907,16912,451,0,0
2015.08.21,16912,16938,16429,16436,543,0,0
2015.08.24,16404,16406,15164,15704,1785,0,0
2015.08.25,15729,16338,15612,15721,1445,0,0
2015.08.26,15750,16294,15539,16260,1001,0,0
2015.08.27,16260,16658,16217,16649,494,0,0
2015.08.28,16639,16682,16464,16632,430,0,0
2015.08.31,16627,16628,16417,16477,273,0,0
2015.09.01,16477,16489,15958,16066,652,0,0
2015.09.02,16073,16345,16019,16335,391,0,0
2015.09.03,16330,16534,16299,16340,461,0,0
2015.09.04,16340,16364,16008,16091,464,0,0
2015.09.07,16010,16275,16010,16174,367,0,0
2015.09.08,16175,16488,16175,16459,343,0,0
2015.09.09,16355,16594,16116,16179,781,0,0
2015.09.10,16172,16357,16054,16221,558,0,0
2015.09.11,16204,16351,16110,16347,340,0,0
2015.09.14,16352,16430,16224,16281,342,0,0
2015.09.15,16265,16540,16205,16527,409,0,0
2015.09.16,16515,16668,16465,16660,262,0,0
2015.09.17,16657,16835,16516,16561,543,0,0
2015.09.18,16552,16602,16234,16312,497,0,0
2015.09.21,16303,16474,16225,16447,355,0,0
2015.09.22,16463,16468,16114,16199,445,0,0
2015.09.23,16211,16320,16064,16180,482,0,0
2015.09.24,16215,16240,15910,16099,545,0,0
2015.09.25,16077,16370,16077,16161,503,0,0
2015.09.28,16166,16286,15874,15902,561,0,0
2015.09.29,15934,16013,15798,15936,429,0,0
2015.09.30,15948,16192,15925,16124,359,0,0
2015.10.01,16119,16343,15966,16202,672,0,0
2015.10.02,16196,16380,15907,16377,766,0,0
2015.10.05,16349,16693,16326,16672,412,0,0
2015.10.06,16653,16758,16576,16638,350,0,0
2015.10.07,16609,16865,16600,16818,322,0,0
2015.10.08,16806,16982,16679,16960,453,0,0
2015.10.09,16944,17024,16908,16979,198,0,0
2015.10.12,16970,17064,16941,17056,161,0,0
2015.10.13,17047,17074,16919,16960,224,0,0
2015.10.14,16942,17015,16792,16832,337,0,0
2015.10.15,16827,17070,16823,17068,254,0,0
2015.10.16,17056,17123,17011,17117,164,0,0
2015.10.19,17100,17146,17032,17102,227,0,0
2015.10.20,17094,17166,17044,17096,243,0,0
2015.10.21,17090,17221,17041,17059,330,0,0
2015.10.22,17052,17432,17040,17430,407,0,0
2015.10.23,17417,17594,17404,17540,258,0,0
2015.10.25,17543,17546,17529,17538,30,0,0
2015.10.26,17538,17577,17483,17537,188,0,0
2015.10.27,17536,17553,17458,17504,159,0,0
2015.10.28,17504,17704,17470,17671,302,0,0
2015.10.29,17667,17704,17602,17686,186,0,0
2015.10.30,17678,17767,17561,17566,301,0,0
2015.11.02,17587,17762,17526,17719,341,0,0
2015.11.03,17716,17896,17688,17838,295,0,0
2015.11.04,17833,17904,17756,17803,267,0,0
2015.11.05,17795,17864,17709,17807,299,0,0
2015.11.06,17802,17852,17702,17840,263,0,0
2015.11.09,17824,17868,17609,17675,370,0,0
2015.11.10,17672,17722,17607,17709,194,0,0
2015.11.11,17703,17797,17642,17649,257,0,0
2015.11.12,17647,17713,17392,17399,395,0,0
2015.11.13,17401,17443,17153,17155,335,0,0
2015.11.16,17091,17444,17051,17431,447,0,0
2015.11.17,17420,17555,17399,17462,271,0,0
2015.11.18,17463,17713,17411,17683,385,0,0
2015.11.19,17676,17767,17644,17725,198,0,0
2015.11.20,17713,17883,17697,17801,285,0,0
2015.11.23,17800,17840,17715,17751,202,0,0
2015.11.24,17748,17828,17622,17758,403,0,0
2015.11.25,17756,17831,17742,17807,128,0,0
2015.11.26,17801,17873,17800,17844,104,0,0
2015.11.27,17837,17850,17720,17800,224,0,0
2015.11.30,17789,17845,17699,17758,262,0,0
2015.12.01,17758,17877,17751,17861,150,0,0
2015.12.02,17857,17903,17694,17766,328,0,0
2015.12.03,17765,17868,17408,17505,661,0,0
2015.12.04,17500,17773,17364,17740,579,0,0
2015.12.07,17763,17788,17546,17675,397,0,0
2015.12.08,17665,17679,17393,17464,372,0,0
2015.12.09,17463,17679,17307,17398,680,0,0
2015.12.10,17401,17616,17373,17493,395,0,0
2015.12.11,17496,17540,17133,17157,476,0,0
2015.12.14,17160,17314,17052,17275,410,0,0
2015.12.15,17288,17548,17257,17473,398,0,0
2015.12.16,17473,17703,17404,17629,443,0,0
2015.12.17,17630,17734,17341,17345,502,0,0
2015.12.18,17351,17391,17013,17030,436,0,0
2015.12.21,17041,17215,17023,17207,219,0,0
2015.12.22,17199,17381,17109,17357,387,0,0
2015.12.23,17345,17515,17325,17478,248,0,0
2015.12.24,17477,17513,17436,17445,123,0,0
2015.12.28,17451,17476,17340,17453,271,0,0
2015.12.29,17449,17658,17427,17644,268,0,0
2015.12.30,17635,17654,17493,17520,208,0,0
2015.12.31,17511,17535,17298,17325,289,0,0
2016.01.04,17344,17398,16860,17088,821,0,0
2016.01.05,17092,17150,16940,17072,401,0,0
2016.01.06,17062,17095,16722,16845,530,0,0
2016.01.07,16857,16879,16366,16422,592,0,0
2016.01.08,16416,16663,16208,16231,726,0,0
2016.01.11,16219,16371,16084,16275,519,0,0
2016.01.12,16282,16500,16166,16347,604,0,0
2016.01.13,16344,16532,16023,16071,746,0,0
2016.01.14,16074,16388,15979,16264,629,0,0
2016.01.15,16266,16330,15747,15938,839,0,0
2016.01.18,15869,16047,15793,15898,480,0,0
2016.01.19,15898,16186,15808,15902,753,0,0
2016.01.20,15884,15938,15364,15692,957,0,0
2016.01.21,15708,15955,15560,15773,726,0,0
2016.01.22,15754,16050,15725,16005,400,0,0
2016.01.25,15999,16035,15789,15815,309,0,0
2016.01.26,15812,16099,15638,16018,717,0,0
2016.01.27,15991,16149,15787,15863,597,0,0
2016.01.28,15866,16053,15766,15980,461,0,0
2016.01.29,15956,16372,15936,16368,461,0,0
2016.02.01,16352,16424,16208,16313,394,0,0
2016.02.02,16315,16325,16019,16082,380,0,0
2016.02.03,16070,16300,15873,16261,664,0,0
2016.02.04,16254,16406,16125,16311,506,0,0
2016.02.05,16301,16382,16047,16121,491,0,0
2016.02.08,16137,16196,15727,15978,780,0,0
2016.02.09,15964,16070,15773,15926,557,0,0
2016.02.10,15924,16152,15825,15827,558,0,0
2016.02.11,15829,15862,15450,15620,616,0,0
2016.02.12,15609,15927,15590,15925,359,0,0
2016.02.15,15929,16165,15929,16123,279,0,0
2016.02.16,16112,16201,15985,16132,413,0,0
2016.02.17,16120,16452,16073,16449,430,0,0
2016.02.18,16440,16513,16353,16401,282,0,0
2016.02.19,16393,16439,16244,16363,361,0,0
2016.02.22,16329,16632,16315,16522,442,0,0
2016.02.23,16517,16572,16371,16375,261,0,0
2016.02.24,16372,16500,16131,16500,611,0,0
2016.02.25,16493,16676,16395,16660,396,0,0
2016.02.26,16654,16819,16589,16590,397,0,0
2016.02.29,16596,16706,16476,16491,356,0,0
2016.03.01,16491,16848,16430,16844,484,0,0
2016.03.02,16834,16904,16743,16859,298,0,0
2016.03.03,16853,16934,16796,16928,202,0,0
2016.03.04,16921,17042,16877,16973,279,0,0
2016.03.07,16969,17078,16896,17056,278,0,0
2016.03.08,17044,17054,16809,16885,332,0,0
2016.03.09,16866,16980,16824,16910,269,0,0
2016.03.10,16913,17077,16720,16910,712,0,0
2016.03.11,16896,17129,16886,17100,283,0,0
2016.03.14,17078,17181,17055,17127,204,0,0
2016.03.15,17129,17158,17022,17153,249,0,0
2016.03.16,17153,17285,17092,17232,308,0,0
2016.03.17,17233,17427,17145,17401,397,0,0
2016.03.18,17400,17520,17360,17503,218,0,0
2016.03.20,17482,17490,17469,17477,38,0,0
2016.03.21,17478,17550,17440,17526,173,0,0
2016.03.22,17526,17552,17431,17481,198,0,0
2016.03.23,17480,17517,17386,17417,200,0,0
2016.03.24,17417,17458,17298,17457,281,0,0
2016.03.28,17456,17524,17390,17446,259,0,0
2016.03.29,17442,17551,17332,17545,336,0,0
2016.03.30,17542,17692,17535,17627,230,0,0
2016.03.31,17621,17657,17563,17607,175,0,0
2016.04.01,17606,17711,17467,17701,394,0,0
2016.04.04,17693,17751,17614,17622,204,0,0
2016.04.05,17618,17627,17487,17546,209,0,0
2016.04.06,17548,17638,17450,17625,300,0,0
2016.04.07,17622,17643,17394,17452,329,0,0
2016.04.08,17454,17607,17421,17492,335,0,0
2016.04.11,17485,17645,17411,17459,443,0,0
2016.04.12,17457,17654,17436,17635,259,0,0
2016.04.13,17633,17829,17626,17825,215,0,0
2016.04.14,17827,17877,17772,17851,187,0,0
2016.04.15,17844,17867,17779,17809,142,0,0
2016.04.18,17721,17933,17690,17902,306,0,0
2016.04.19,17878,18016,17875,17969,192,0,0
2016.04.20,17958,18082,17891,18038,303,0,0
2016.04.21,18031,18078,17865,17887,283,0,0
2016.04.22,17865,17949,17826,17918,194,0,0
2016.04.25,17957,17960,17771,17908,330,0,0
2016.04.26,17907,17969,17850,17888,220,0,0
2016.04.27,17873,18005,17839,17972,234,0,0
2016.04.28,17970,17985,17715,17770,341,0,0
2016.04.29,17767,17788,17567,17710,386,0,0
2016.05.02,17713,17831,17666,17804,240,0,0
2016.05.03,17808,17813,17583,17680,333,0,0
2016.05.04,17681,17698,17525,17577,243,0,0
2016.05.05,17576,17681,17534,17569,288,0,0
2016.05.06,17568,17684,17473,17681,310,0,0
2016.05.09,17671,17726,17594,17649,243,0,0
2016.05.10,17646,17862,17604,17828,335,0,0
2016.05.11,17829,17848,17654,17663,223,0,0
2016.05.12,17662,17752,17571,17673,352,0,0
2016.05.13,17668,17687,17458,17482,273,0,0
2016.05.16,17446,17703,17442,17659,310,0,0
2016.05.17,17654,17718,17422,17496,435,0,0
2016.05.18,17493,17606,17382,17486,442,0,0
2016.05.19,17487,17501,17295,17414,340,0,0
2016.05.20,17415,17546,17401,17480,226,0,0
2016.05.23,17504,17532,17429,17465,168,0,0
2016.05.24,17464,17716,17436,17689,336,0,0
2016.05.25,17686,17867,17678,17827,238,0,0
2016.05.26,17826,17863,17776,17822,171,0,0
2016.05.27,17822,17860,17800,17860,83,0,0
2016.05.30,17869,17908,17864,17897,61,0,0
2016.05.31,17895,17906,17708,17774,276,0,0
2016.06.01,17766,17810,17648,17774,317,0,0
2016.06.02,17770,17832,17691,17825,228,0,0
2016.06.03,17817,17847,17676,17801,327,0,0
2016.06.06,17799,17937,17777,17918,202,0,0
2016.06.07,17912,17991,17902,17934,157,0,0
2016.06.08,17929,18010,17903,17990,154,0,0
2016.06.09,17987,17998,17905,17973,173,0,0
2016.06.10,17974,17975,17802,17860,233,0,0
2016.06.13,17813,17839,17621,17627,251,0,0
2016.06.14,17624,17665,17498,17562,273,0,0
2016.06.15,17559,17689,17531,17545,303,0,0
2016.06.16,17547,17659,17373,17637,483,0,0
2016.06.17,17634,17685,17504,17569,298,0,0
2016.06.20,17648,17852,17642,17773,296,0,0
2016.06.21,17735,17793,17702,17731,179,0,0
2016.06.22,17728,17823,17671,17693,270,0,0
2016.06.23,17694,17963,17694,17961,272,0,0
2016.06.24,17988,18023,17181,17248,945,0,0
2016.06.27,17182,17274,16960,16974,421,0,0
2016.06.28,16974,17305,16974,17295,342,0,0
2016.06.29,17295,17691,17253,17688,484,0,0
2016.06.30,17668,17827,17556,17797,414,0,0
2016.07.01,17795,17902,17760,17863,217,0,0
2016.07.04,17880,17922,17840,17879,164,0,0
2016.07.05,17875,17875,17687,17769,271,0,0
2016.07.06,17769,17836,17617,17824,384,0,0
2016.07.07,17816,17893,17725,17814,335,0,0
2016.07.08,17811,18077,17780,18034,372,0,0
2016.07.11,18036,18196,18032,18146,219,0,0
2016.07.12,18146,18286,18133,18265,188,0,0
2016.07.13,18263,18303,18221,18288,140,0,0
2016.07.14,18284,18473,18265,18432,269,0,0
2016.07.15,18420,18487,18345,18363,228,0,0
2016.07.18,18420,18492,18410,18467,118,0,0
2016.07.19,18459,18493,18400,18484,162,0,0
2016.07.20,18486,18562,18454,18531,172,0,0
2016.07.21,18527,18545,18393,18440,218,0,0
2016.07.22,18439,18494,18416,18481,115,0,0
2016.07.25,18482,18526,18377,18426,243,0,0
2016.07.26,18420,18446,18310,18415,268,0,0
2016.07.27,18418,18470,18351,18406,227,0,0
2016.07.28,18406,18453,18292,18379,296,0,0
2016.07.29,18376,18402,18294,18370,211,0,0
2016.08.01,18405,18448,18279,18332,266,0,0
2016.08.02,18332,18372,18170,18248,321,0,0
2016.08.03,18248,18279,18187,18272,161,0,0
2016.08.04,18271,18334,18250,18279,161,0,0
2016.08.05,18272,18472,18271,18466,209,0,0
2016.08.08,18453,18507,18435,18464,134,0,0
2016.08.09,18460,18521,18442,18468,151,0,0
2016.08.10,18464,18512,18416,18447,176,0,0
2016.08.11,18448,18592,18432,18563,206,0,0
2016.08.12,18563,18584,18486,18524,158,0,0
2016.08.15,18524,18622,18524,18586,135,0,0
2016.08.16,18586,18587,18506,18535,112,0,0
2016.08.17,18530,18558,18442,18551,212,0,0
2016.08.18,18549,18574,18503,18563,129,0,0
2016.08.19,18564,18575,18468,18540,191,0,0
2016.08.22,18539,18559,18440,18518,218,0,0
2016.08.23,18515,18613,18504,18531,203,0,0
2016.08.24,18530,18543,18426,18467,172,0,0
2016.08.25,18467,18483,18405,18451,141,0,0
2016.08.26,18447,18552,18309,18370,410,0,0
2016.08.29,18377,18501,18351,18495,183,0,0
2016.08.30,18492,18513,18400,18450,185,0,0
2016.08.31,18450,18453,18323,18390,201,0,0
2016.09.01,18392,18460,18198,18298,431,0,0
2016.09.02,18302,18447,18286,18388,237,0,0
2016.09.05,18389,18428,18354,18354,114,0,0
2016.09.06,18384,18455,18345,18441,164,0,0
2016.09.07,18433,18449,18386,18427,121,0,0
2016.09.08,18428,18466,18356,18380,173,0,0
2016.09.09,18348,18382,17943,17946,477,0,0
2016.09.12,17950,18276,17821,18242,619,0,0
2016.09.13,18220,18234,17947,18032,387,0,0
2016.09.14,18025,18083,17905,17933,265,0,0
2016.09.15,17933,18166,17881,18109,395,0,0
2016.09.16,18104,18108,17980,18054,207,0,0
2016.09.19,18046,18169,18004,18056,321,0,0
2016.09.20,18056,18144,18030,18034,207,0,0
2016.09.21,18035,18223,18011,18217,243,0,0
2016.09.22,18215,18364,18191,18304,258,0,0
2016.09.23,18295,18308,18164,18183,177,0,0
2016.09.26,18171,18201,17991,18017,267,0,0
2016.09.27,18011,18151,17959,18131,265,0,0
2016.09.28,18126,18258,18088,18236,231,0,0
2016.09.29,18230,18277,17998,18090,419,0,0
2016.09.30,18073,18280,17987,18198,462,0,0
2016.10.03,18201,18252,18106,18162,254,0,0
2016.10.04,18162,18226,18021,18085,334,0,0
2016.10.05,18085,18232,18053,18200,244,0,0
2016.10.06,18194,18221,18075,18191,290,0,0
2016.10.07,18191,18249,18060,18151,339,0,0
2016.10.10,18169,18318,18169,18263,205,0,0
2016.10.11,18263,18273,17967,18060,410,0,0
2016.10.12,18055,18120,17990,18027,233,0,0
2016.10.13,18016,18048,17867,18017,362,0,0
2016.10.14,18018,18175,17986,18052,345,0,0
2016.10.17,18050,18078,17972,17984,147,0,0
2016.10.18,17985,18141,17975,18064,254,0,0
2016.10.19,18058,18167,18030,18133,200,0,0
2016.10.20,18118,18176,18047,18104,245,0,0
2016.10.21,18091,18113,17965,18066,272,0,0
2016.10.24,18079,18195,18059,18140,212,0,0
2016.10.25,18133,18171,18066,18082,160,0,0
2016.10.26,18071,18154,17974,18125,307,0,0
2016.10.27,18121,18182,18063,18108,226,0,0
2016.10.28,18101,18171,18009,18090,314,0,0
2016.10.31,18068,18145,18046,18077,190,0,0
2016.11.01,18078,18124,17854,17928,391,0,0
2016.11.02,17928,17958,17824,17878,219,0,0
2016.11.03,17878,17933,17820,17855,204,0,0
2016.11.04,17853,17900,17798,17814,166,0,0
2016.11.07,18014,18207,17982,18201,264,0,0
2016.11.08,18187,18344,18128,18284,336,0,0
2016.11.09,18284,18589,17416,18530,2101,0,0
2016.11.10,18524,18819,18491,18751,430,0,0
2016.11.11,18751,18832,18682,18778,274,0,0
2016.11.14,18777,18916,18761,18822,266,0,0
2016.11.15,18816,18879,18755,18875,190,0,0
2016.11.16,18872,18911,18791,18829,198,0,0
2016.11.17,18823,18874,18810,18874,78,0,0
2016.11.18,18867,18887,18822,18844,108,0,0
2016.11.21,18843,18927,18833,18918,114,0,0
2016.11.22,18914,19010,18911,19000,113,0,0
2016.11.23,18998,19057,18973,19057,110,0,0
2016.11.24,19056,19117,19031,19111,118,0,0
2016.11.25,19105,19143,19089,19143,71,0,0
2016.11.28,19120,19123,19042,19082,125,0,0
2016.11.29,19083,19131,19058,19113,117,0,0
2016.11.30,19113,19214,19099,19133,211,0,0
2016.12.01,19135,19203,19112,19194,124,0,0
2016.12.02,19185,19191,19133,19149,81,0,0
2016.12.05,19085,19275,19080,19214,262,0,0
2016.12.06,19210,19242,19175,19239,106,0,0
2016.12.07,19235,19556,19218,19519,393,0,0
2016.12.08,19516,19663,19493,19619,238,0,0
2016.12.09,19615,19720,19566,19720,204,0,0
2016.12.12,19707,19807,19685,19740,212,0,0
2016.12.13,19730,19899,19713,19863,240,0,0
2016.12.14,19854,19909,19689,19763,350,0,0
2016.12.15,19760,19894,19740,19813,256,0,0
2016.12.16,19811,19861,19762,19789,177,0,0
2016.12.19,19796,19858,19791,19837,94,0,0
2016.12.20,19834,19931,19832,19910,123,0,0
2016.12.21,19909,19928,19870,19873,81,0,0
2016.12.22,19871,19898,19829,19864,132,0,0
2016.12.23,19865,19889,19843,19859,87,0,0
2016.12.27,19863,19920,19859,19876,110,0,0
2016.12.28,19879,19919,19768,19777,201,0,0
2016.12.29,19786,19816,19727,19769,162,0,0
2016.12.30,19769,19815,19660,19702,244,0,0
2017.01.03,19789,19878,19702,19794,348,0,0
2017.01.04,19799,19880,19785,19860,130,0,0
2017.01.05,19860,19871,19731,19820,241,0,0
2017.01.06,19819,19923,19758,19887,948,0,0
2017.01.09,19885,19921,19815,19820,711,0,0
2017.01.10,19821,19885,19764,19797,929,0,0
2017.01.11,19796,19903,19756,19880,1326,0,0
2017.01.12,19873,19876,19692,19814,950,0,0
2017.01.13,19818,19877,19771,19816,833,0,0
2017.01.16,19822,19822,19769,19780,457,0,0
2017.01.17,19778,19808,19697,19739,966,0,0
2017.01.18,19742,19790,19668,19722,912,0,0
2017.01.19,19725,19757,19608,19646,934,0,0
2017.01.20,19660,19778,19652,19752,1038,0,0
2017.01.23,19745,19770,19665,19727,999,0,0
2017.01.24,19725,19880,19717,19851,777,0,0
2017.01.25,19852,20015,19845,20006,754,0,0
2017.01.26,20000,20068,19988,20052,843,0,0
2017.01.27,20042,20072,20004,20014,671,0,0
2017.01.30,19968,19993,19798,19885,941,0,0
2017.01.31,19883,19890,19712,19826,1029,0,0
2017.02.01,19817,19895,19773,19820,1056,0,0
2017.02.02,19821,19850,19733,19810,1070,0,0
2017.02.03,19814,20006,19781,19991,841,0,0
2017.02.06,19998,20020,19931,19968,808,0,0
2017.02.07,19967,20085,19954,20000,886,0,0
2017.02.08,20005,20051,19964,20004,831,0,0
2017.02.09,20004,20158,19980,20133,740,0,0
2017.02.10,20133,20247,20124,20220,763,0,0
2017.02.13,20225,20395,20223,20387,732,0,0
2017.02.14,20383,20495,20345,20489,794,0,0
2017.02.15,20480,20631,20465,20624,937,0,0
2017.02.16,20619,20624,20535,20593,841,0,0
2017.02.17,20585,20603,20505,20591,878,0,0
2017.02.20,20580,20671,20565,20627,635,0,0
2017.02.21,20624,20734,20601,20687,825,0,0
2017.02.22,20688,20768,20666,20758,758,0,0
2017.02.23,20755,20816,20722,20797,863,0,0
2017.02.24,20785,20798,20694,20776,892,0,0
2017.02.27,20781,20833,20757,20802,912,0,0
2017.02.28,20802,20831,20767,20827,695,0,0
2017.03.01,20828,21160,20808,21087,1162,0,0
2017.03.02,21082,21129,20971,20989,927,0,0
2017.03.03,20981,21036,20924,20984,1038,0,0
2017.03.06,20955,20974,20892,20918,927,0,0
2017.03.07,20923,20964,20845,20864,5468,0,0
2017.03.08,20852,20909,20791,20810,7902,0,0
2017.03.09,20808,20861,20740,20838,8036,0,0
2017.03.10,20832,20939,20784,20843,8888,0,0
2017.03.12,20848,20857,20835,20844,230,0,0
2017.03.13,20843,20882,20805,20835,7224,0,0
2017.03.14,20835,20837,20744,20808,7739,0,0
2017.03.15,20808,20930,20804,20896,7775,0,0
2017.03.16,20896,20980,20842,20881,8258,0,0
2017.03.17,20880,20927,20856,20866,7010,0,0
2017.03.19,20851,20860,20841,20846,261,0,0
2017.03.20,20846,20900,20822,20860,6522,0,0
2017.03.21,20860,20915,20582,20595,10078,0,0
2017.03.22,20597,20632,20524,20622,11044,0,0
2017.03.23,20622,20702,20560,20615,10178,0,0
2017.03.24,20617,20672,20475,20563,10298,0,0
2017.03.27,20520,20524,20354,20514,10988,0,0
2017.03.28,20523,20677,20458,20631,8891,0,0
2017.03.29,20634,20663,20562,20588,8419,0,0
2017.03.30,20593,20693,20569,20668,8060,0,0
2017.03.31,20663,20669,20594,20598,8230,0,0
2017.04.03,20595,20647,20450,20578,9342,0,0
2017.04.04,20580,20652,20510,20649,8741,0,0
2017.04.05,20655,20827,20555,20564,9770,0,0
2017.04.06,20565,20689,20510,20616,10876,0,0
2017.04.07,20618,20668,20460,20607,12388,0,0
2017.04.10,20599,20690,20551,20605,9279,0,0
2017.04.11,20605,20622,20447,20593,10858,0,0
2017.04.12,20595,20639,20489,20502,10243,0,0
2017.04.13,20497,20548,20387,20406,10823,0,0
2017.04.17,20389,20580,20370,20567,7672,0,0
2017.04.18,20563,20582,20392,20431,9681,0,0
2017.04.19,20422,20485,20309,20321,9028,0,0
2017.04.20,20329,20566,20325,20534,9398,0,0
2017.04.21,20526,20553,20441,20488,8619,0,0
2017.04.24,20654,20731,20628,20700,9943,0,0
2017.04.25,20697,20966,20684,20936,8314,0,0
2017.04.26,20932,21010,20899,20899,9161,0,0
2017.04.27,20890,20946,20870,20907,8128,0,0
2017.04.28,20888,20928,20857,20886,7672,0,0
2017.05.01,20888,20921,20828,20871,6192,0,0
2017.05.02,20867,20893,20835,20863,6840,0,0
2017.05.03,20855,20906,20804,20872,6370,0,0
2017.05.04,20868,20944,20774,20875,7668,0,0
2017.05.05,20874,20969,20811,20964,7541,0,0
2017.05.08,20998,21006,20901,20940,7920,0,0
2017.05.09,20941,20986,20873,20884,7258,0,0
2017.05.10,20877,20934,20840,20884,7488,0,0
2017.05.11,20892,20896,20758,20866,7768,0,0
2017.05.12,20867,20878,20825,20849,7443,0,0
2017.05.15,20847,20960,20844,20943,6594,0,0
2017.05.16,20937,20994,20893,20935,7065,0,0
2017.05.17,20925,20929,20580,20586,12041,0,0
2017.05.18,20578,20738,20473,20643,13924,0,0
2017.05.19,20642,20836,20619,20795,9336,0,0
2017.05.22,20787,20892,20764,20884,8205,0,0
2017.05.23,20880,20940,20834,20913,8272,0,0
2017.05.24,20907,20996,20891,20995,7276,0,0
2017.05.25,20986,21094,20985,21059,8308,0,0
2017.05.26,21056,21075,21018,21066,7242,0,0
2017.05.29,21065,21089,21062,21072,3362,0,0
2017.05.30,21067,21071,20997,21021,6919,0,0
2017.05.31,21016,21059,20928,21029,7830,0,0
2017.06.01,21023,21139,20985,21131,7756,0,0
2017.06.02,21131,21226,21124,21197,8713,0,0
2017.06.05,21188,21218,21163,21186,6452,0,0
2017.06.06,21176,21183,21112,21143,7376,0,0
2017.06.07,21141,21187,21107,21165,7241,0,0
2017.06.08,21164,21220,21088,21151,7767,0,0
2017.06.09,21081,21256,21078,21200,10790,0,0
2017.06.12,21205,21224,21137,21189,9468,0,0
2017.06.13,21180,21288,21174,21285,7341,0,0
2017.06.14,21285,21344,21244,21323,8802,0,0
2017.06.15,21317,21327,21217,21317,10020,0,0
2017.06.16,21310,21365,21262,21354,7936,0,0
2017.06.19,21359,21478,21346,21466,7421,0,0
2017.06.20,21467,21492,21416,21431,7121,0,0
2017.06.21,21424,21450,21340,21362,8986,0,0
2017.06.22,21357,21407,21340,21348,7488,0,0
2017.06.23,21346,21376,21281,21314,6996,0,0
2017.06.26,21318,21454,21306,21368,7287,0,0
2017.06.27,21364,21389,21264,21269,8836,0,0
2017.06.28,21265,21434,21252,21434,8682,0,0
2017.06.29,21426,21449,21138,21262,10449,0,0
2017.06.30,21271,21364,21230,21317,9860,0,0
2017.07.03,21312,21506,21312,21434,7019,0,0
2017.07.04,21415,21472,21403,21437,5996,0,0
2017.07.05,21420,21458,21347,21424,9252,0,0
2017.07.06,21417,21439,21256,21285,9315,0,0
2017.07.07,21292,21376,21262,21363,8336,0,0
2017.07.10,21362,21399,21314,21357,7180,0,0
2017.07.11,21350,21389,21224,21377,7399,0,0
2017.07.12,21378,21530,21356,21487,7445,0,0
2017.07.13,21481,21518,21457,21510,6796,0,0
2017.07.14,21506,21627,21468,21601,6697,0,0
2017.07.17,21596,21621,21559,21585,6303,0,0
2017.07.18,21580,21608,21415,21519,7598,0,0
2017.07.19,21513,21604,21501,21588,6570,0,0
2017.07.20,21580,21624,21524,21585,6940,0,0
2017.07.21,21583,21589,21450,21520,6746,0,0
2017.07.24,21517,21529,21442,21492,6551,0,0
2017.07.25,21488,21635,21480,21563,6679,0,0
2017.07.26,21558,21686,21545,21639,6917,0,0
2017.07.27,21634,21747,21631,21741,8611,0,0
2017.07.28,21737,21783,21681,21779,7767,0,0
2017.07.31,21772,21876,21746,21861,6522,0,0
2017.08.01,21855,21960,21847,21930,7210,0,0
2017.08.02,21929,21991,21910,21965,6662,0,0
2017.08.03,21963,21988,21926,21971,6519,0,0
2017.08.04,21972,22045,21954,22022,6955,0,0
2017.08.07,22020,22079,22016,22067,5323,0,0
2017.08.08,22064,22131,22008,22030,5892,0,0
2017.08.09,22015,22029,21959,22028,8747,0,0
2017.08.10,22024,22025,21797,21812,9755,0,0
2017.08.11,21813,21883,21788,21848,9590,0,0
2017.08.14,21851,21987,21851,21967,7318,0,0
2017.08.15,21959,22032,21940,21984,7446,0,0
2017.08.16,21981,22066,21967,22010,7265,0,0
2017.08.17,22010,22018,21689,21710,9822,0,0
2017.08.18,21704,21773,21622,21666,10696,0,0
2017.08.21,21692,21718,21578,21699,8820,0,0
2017.08.22,21696,21897,21691,21891,7600,0,0
2017.08.23,21885,21898,21778,21780,7981,0,0
2017.08.24,21778,21862,21744,21794,8579,0,0
2017.08.25,21795,21892,21755,21799,8378,0,0
2017.08.28,21796,21859,21749,21791,7706,0,0
2017.08.29,21709,21878,21642,21870,11111,0,0
2017.08.30,21866,21955,21831,21877,8135,0,0
2017.08.31,21875,21984,21872,21964,7716,0,0
2017.09.01,21968,22035,21964,21982,7012,0,0
2017.09.04,21882,21943,21874,21918,5533,0,0
2017.09.05,21911,21946,21703,21765,10040,0,0
2017.09.06,21766,21843,21738,21805,9117,0,0
2017.09.07,21796,21852,21745,21801,9230,0,0
2017.09.08,21797,21827,21712,21782,8313,0,0
2017.09.11,21830,22036,21828,22031,7591,0,0
2017.09.12,22025,22099,22020,22093,7054,0,0
2017.09.13,22098,22119,22052,22114,6655,0,0
2017.09.14,22116,22176,22073,22173,7198,0,0
2017.09.15,22170,22233,22126,22230,7919,0,0
2017.09.18,22225,22313,22221,22300,7274,0,0
2017.09.19,22297,22342,22293,22328,6537,0,0
2017.09.20,22330,22386,22273,22375,7128,0,0
2017.09.21,22369,22386,22315,22331,6835,0,0
2017.09.22,22324,22332,22256,22305,7318,0,0
2017.09.25,22296,22338,22173,22279,8513,0,0
2017.09.26,22273,22324,22234,22249,7765,0,0
2017.09.27,22242,22324,22206,22292,7874,0,0
2017.09.28,22281,22345,22236,22321,7468,0,0
2017.09.29,22316,22350,22279,22347,6633,0,0
2017.10.02,22351,22520,22345,22516,7142,0,0
2017.10.03,22507,22621,22498,22614,6148,0,0
2017.10.04,22607,22630,22579,22604,6029,0,0
2017.10.05,22597,22742,22593,22732,5907,0,0
2017.10.06,22727,22738,22679,22690,6359,0,0
2017.10.09,22673,22750,22673,22710,6008,0,0
2017.10.10,22705,22798,22704,22788,6820,0,0
2017.10.11,22782,22818,22757,22813,5959,0,0
2017.10.12,22812,22833,22768,22794,5768,0,0
2017.10.13,22785,22850,22776,22826,6253,0,0
2017.10.16,22821,22905,22821,22895,5900,0,0
2017.10.17,22894,22971,22884,22959,5977,0,0
2017.10.18,22966,23123,22959,23120,5780,0,0
2017.10.19,23111,23122,22950,23119,8453,0,0
2017.10.20,23120,23282,23103,23274,7956,0,0
2017.10.23,23263,23319,23212,23230,7662,0,0
2017.10.24,23222,23435,23219,23392,8161,0,0
2017.10.25,23387,23415,23201,23311,9763,0,0
2017.10.26,23310,23403,23286,23346,8569,0,0
2017.10.27,23348,23406,23296,23357,9398,0,0
2017.10.29,23359,23385,23357,23363,279,0,0
2017.10.30,23361,23374,23273,23281,8336,0,0
2017.10.31,23279,23351,23267,23329,6775,0,0
2017.11.01,23328,23463,23328,23368,8550,0,0
2017.11.02,23368,23472,23287,23453,9240,0,0
2017.11.03,23452,23494,23415,23447,6920,0,0
2017.11.06,23436,23506,23405,23496,7745,0,0
2017.11.07,23494,23554,23413,23471,8163,0,0
2017.11.08,23455,23506,23431,23489,8048,0,0
2017.11.09,23490,23534,23258,23413,12354,0,0
2017.11.10,23404,23445,23336,23384,9875,0,0
2017.11.13,23395,23427,23286,23397,8575,0,0
2017.11.14,23395,23423,23230,23367,9568,0,0
2017.11.15,23362,23363,23204,23262,10688,0,0
2017.11.16,23257,23464,23242,23421,8819,0,0
2017.11.17,23410,23439,23303,23308,9153,0,0
2017.11.20,23316,23425,23238,23399,9253,0,0
2017.11.21,23394,23584,23373,23544,8144,0,0
2017.11.22,23545,23599,23476,23479,7624,0,0
2017.11.23,23474,23508,23430,23499,5193,0,0
2017.11.24,23488,23569,23475,23517,6634,0,0
2017.11.27,23511,23615,23472,23568,8159,0,0
2017.11.28,23556,23826,23520,23804,9259,0,0
2017.11.29,23801,23945,23788,23920,9857,0,0
2017.11.30,23915,24327,23890,24240,11258,0,0
2017.12.01,24233,24323,23922,24230,17834,0,0
2017.12.04,24362,24535,24264,24296,13628,0,0
2017.12.05,24292,24386,24152,24179,12420,0,0
2017.12.06,24177,24230,24081,24172,12366,0,0
2017.12.07,24162,24262,24072,24227,10872,0,0
2017.12.08,24228,24351,24215,24341,9594,0,0
2017.12.11,24348,24454,24335,24444,9312,0,0
2017.12.12,24448,24574,24414,24541,8963,0,0
2017.12.13,24543,24686,24482,24647,10373,0,0
2017.12.14,24648,24701,24531,24535,10227,0,0
2017.12.15,24534,24706,24534,24688,9863,0,0
2017.12.18,24701,24895,24688,24822,10124,0,0
2017.12.19,24817,24892,24730,24777,9012,0,0
2017.12.20,24770,24880,24705,24743,9720,0,0
2017.12.21,24746,24858,24713,24793,8838,0,0
2017.12.22,24788,24841,24727,24773,8141,0,0
2017.12.26,24769,24798,24705,24793,6919,0,0
2017.12.27,24792,24820,24760,24801,7723,0,0
2017.12.28,24789,24839,24783,24809,6783,0,0
2017.12.29,24803,24885,24665,24676,7669,0,0
2018.01.02,24732,24857,24714,24783,9208,0,0
2018.01.03,24779,24908,24766,24876,7666,0,0
2018.01.04,24881,25081,24876,25063,8598,0,0
2018.01.05,25063,25280,25056,25279,8655,0,0
2018.01.08,25270,25354,25209,25260,8721,0,0
2018.01.09,25250,25414,25236,25355,8659,0,0
2018.01.10,25350,25382,25220,25353,10916,0,0
2018.01.11,25346,25560,25328,25542,9360,0,0
2018.01.12,25539,25811,25529,25799,9852,0,0
2018.01.15,25823,25975,25806,25937,7635,0,0
2018.01.16,25929,26060,25681,25828,13350,0,0
2018.01.17,25825,26118,25773,26093,13541,0,0
2018.01.18,26092,26145,25915,25936,13791,0,0
2018.01.19,25950,26086,25873,26057,13319,0,0
2018.01.22,25973,26224,25942,26195,11011,0,0
2018.01.23,26194,26314,26134,26190,12837,0,0
2018.01.24,26181,26386,26086,26264,13389,0,0
2018.01.25,26247,26436,26208,26386,14707,0,0
2018.01.26,26389,26607,26378,26584,11256,0,0
2018.01.29,26581,26682,26415,26429,13772,0,0
2018.01.30,26419,26476,26004,26043,20480,0,0
2018.01.31,26042,26309,26025,26156,17051,0,0
2018.02.01,26143,26279,25921,26139,17615,0,0
2018.02.02,26177,26213,25409,25438,22657,0,0
2018.02.05,25391,25476,23632,24056,38800,0,0
2018.02.06,24096,24887,23048,24730,80687,0,0
2018.02.07,24753,25238,24501,24755,40543,0,0
2018.02.08,24713,24924,23799,23994,46405,0,0
2018.02.09,23968,24349,23323,24199,54915,0,0
2018.02.12,24263,24734,24216,24561,32151,0,0
2018.02.13,24572,24672,24370,24628,25940,0,0
2018.02.14,24626,24895,24278,24850,26692,0,0
2018.02.15,24838,25248,24791,25229,22637,0,0
2018.02.16,25224,25422,25111,25229,22123,0,0
2018.02.19,25220,25340,25053,25176,11476,0,0
2018.02.20,25168,25220,24864,24955,23250,0,0
2018.02.21,24947,25256,24723,24778,23568,0,0
2018.02.22,24781,25137,24575,25027,26178,0,0
2018.02.23,25017,25324,24993,25296,20147,0,0
2018.02.26,25326,25771,25297,25756,17315,0,0
2018.02.27,25751,25809,25386,25419,21980,0,0
2018.02.28,25407,25576,25017,25089,22364,0,0
2018.03.01,25088,25183,24430,24632,34547,0,0
2018.03.02,24623,24668,24203,24537,30814,0,0
2018.03.05,24466,24954,24310,24877,25980,0,0
2018.03.06,24881,25045,24694,24853,21175,0,0
2018.03.07,24571,24869,24407,24811,27095,0,0
2018.03.08,24786,24984,24732,24909,17638,0,0
2018.03.09,24902,25372,24871,25364,17194,0,0
2018.03.11,25358,25454,25357,25451,599,0,0
2018.03.12,25452,25534,25178,25240,16108,0,0
2018.03.13,25238,25406,24965,25012,18562,0,0
2018.03.14,25013,25173,24687,24809,21322,0,0
2018.03.15,24807,25074,24690,24934,18716,0,0
2018.03.16,24931,25049,24845,24962,15514,0,0
2018.03.18,24976,24976,24926,24936,605,0,0
2018.03.19,24936,24960,24459,24637,20079,0,0
2018.03.20,24636,24812,24606,24751,17649,0,0
2018.03.21,24752,24994,24659,24733,17347,0,0
2018.03.22,24732,24800,23868,23903,26958,0,0
2018.03.23,23904,24101,23494,23594,31550,0,0
2018.03.26,23570,24222,23549,24200,26432,0,0
2018.03.27,24192,24434,23690,23851,26201,0,0
2018.03.28,23840,24074,23705,23865,35476,0,0
2018.03.29,23888,24288,23793,24095,23259,0,0
2018.04.02,24093,24146,23305,23611,25976,0,0
2018.04.03,23608,24008,23543,23982,24121,0,0
2018.04.04,23980,24280,23360,24249,27729,0,0
2018.04.05,24247,24595,24231,24475,23007,0,0
2018.04.06,24481,24503,23700,23915,34128,0,0
2018.04.09,23945,24345,23910,23994,22714,0,0
2018.04.10,23998,24482,23944,24357,28121,0,0
2018.04.11,24354,24364,24061,24173,20960,0,0
2018.04.12,24174,24558,24140,24467,19136,0,0
2018.04.13,24440,24626,24208,24343,19743,0,0
2018.04.16,24457,24643,24380,24555,17860,0,0
2018.04.17,24556,24826,24547,24703,15988,0,0
2018.04.18,24692,24808,24681,24741,13863,0,0
2018.04.19,24738,24778,24513,24624,15981,0,0
2018.04.20,24622,24663,24336,24433,16932,0,0
2018.04.23,24546,24548,24289,24421,16251,0,0
2018.04.24,24429,24599,23785,23990,20439,0,0
2018.04.25,23995,24105,23781,24085,22795,0,0
2018.04.26,24086,24362,24011,24294,17586,0,0
2018.04.27,24305,24314,24146,24282,15473,0,0
2018.04.30,24279,24455,24098,24108,15435,0,0
2018.05.01,24116,24185,23751,24087,16691,0,0
2018.05.02,24088,24135,23796,23812,17427,0,0
2018.05.03,23817,23939,23466,23904,20524,0,0
2018.05.04,23895,24278,23719,24233,19254,0,0
2018.05.07,24220,24423,24203,24284,15825,0,0
2018.05.08,24279,24354,24133,24297,17594,0,0
2018.05.09,24289,24541,24264,24501,14658,0,0
2018.05.10,24506,24765,24469,24674,13730,0,0
2018.05.11,24673,24847,24671,24807,13560,0,0
2018.05.14,24811,24970,24811,24867,12047,0,0
2018.05.15,24862,24893,24601,24658,15985,0,0
2018.05.16,24669,24777,24611,24734,12824,0,0
2018.05.17,24736,24836,24629,24704,13053,0,0
2018.05.18,24702,24802,24654,24710,13636,0,0
2018.05.21,24886,25079,24886,25007,11968,0,0
2018.05.22,24995,25066,24804,24832,10708,0,0
2018.05.23,24832,24878,24625,24850,15638,0,0
2018.05.24,24847,24866,24583,24797,14857,0,0
2018.05.25,24802,24902,24673,24746,13983,0,0
2018.05.28,24833,24837,24704,24769,8711,0,0
2018.05.29,24774,24784,24227,24398,19145,0,0
2018.05.30,24395,24714,24322,24654,16518,0,0
2018.05.31,24627,24704,24340,24435,16389,0,0
2018.06.01,24436,24678,24415,24638,14046,0,0
2018.06.04,24596,24881,24569,24824,11717,0,0
2018.06.05,24816,24874,24724,24833,11011,0,0
2018.06.06,24841,25174,24825,25166,10982,0,0
2018.06.07,25098,25340,25098,25290,13811,0,0
2018.06.08,25271,25341,25092,25335,14663,0,0
2018.06.11,25265,25418,25254,25344,12276,0,0
2018.06.12,25331,25404,25257,25350,13186,0,0
2018.06.13,25341,25379,25202,25217,11504,0,0
2018.06.14,25199,25352,25148,25214,12513,0,0
2018.06.15,25200,25204,24907,25095,14911,0,0
2018.06.18,25049,25147,24837,25006,12946,0,0
2018.06.19,24999,25014,24568,24724,18969,0,0
2018.06.20,24717,24857,24631,24673,14262,0,0
2018.06.21,24669,24792,24403,24464,16565,0,0
2018.06.22,24452,24663,24442,24580,13438,0,0
2018.06.25,24582,24613,24076,24275,20120,0,0
2018.06.26,24273,24374,24215,24271,16881,0,0
2018.06.27,24279,24563,24077,24137,20974,0,0
2018.06.28,24132,24294,23977,24249,21795,0,0
2018.06.29,24248,24495,24205,24270,18034,0,0
2018.07.02,24267,24321,24025,24281,19347,0,0
2018.07.03,24296,24444,24127,24159,14747,0,0
2018.07.04,24155,24251,24122,24200,10320,0,0
2018.07.05,24194,24361,24112,24337,16852,0,0
2018.07.06,24313,24506,24240,24458,16624,0,0
2018.07.09,24451,24790,24451,24780,12444,0,0
2018.07.10,24778,24936,24745,24807,12922,0,0
2018.07.11,24743,24804,24609,24707,19265,0,0
2018.07.12,24709,24927,24677,24895,14010,0,0
2018.07.13,24902,25026,24868,25010,12765,0,0
2018.07.16,25030,25088,24961,25046,11848,0,0
2018.07.17,25039,25141,24970,25112,12721,0,0
2018.07.18,25118,25195,25080,25158,11069,0,0
2018.07.19,25165,25203,25032,25054,12838,0,0
2018.07.20,25046,25109,24909,25052,14399,0,0
2018.07.23,25067,25076,24959,25026,12566,0,0
2018.07.24,25025,25267,25020,25191,13407,0,0
2018.07.25,25201,25446,25087,25441,14025,0,0
2018.07.26,25442,25567,25391,25499,14107,0,0
2018.07.27,25491,25570,25347,25429,14023,0,0
2018.07.30,25411,25474,25263,25303,13295,0,0
2018.07.31,25301,25484,25269,25467,12546,0,0
2018.08.01,25459,25467,25247,25318,13496,0,0
2018.08.02,25312,25329,25086,25325,14079,0,0
2018.08.03,25325,25436,25258,25424,11715,0,0
2018.08.06,25422,25507,25344,25461,11357,0,0
2018.08.07,25469,25660,25458,25618,9828,0,0
2018.08.08,25608,25631,25500,25504,9684,0,0
2018.08.09,25504,25601,25458,25472,9844,0,0
2018.08.10,25477,25488,25213,25351,13729,0,0
2018.08.13,25319,25370,25140,25223,16004,0,0
2018.08.14,25219,25333,25191,25305,12984,0,0
2018.08.15,25308,25315,24953,25197,15466,0,0
2018.08.16,25197,25607,25144,25585,14011,0,0
2018.08.17,25576,25729,25505,25698,13628,0,0
2018.08.20,25681,25790,25660,25748,11211,0,0
2018.08.21,25748,25885,25719,25741,10758,0,0
2018.08.22,25709,25836,25674,25730,12773,0,0
2018.08.23,25727,25764,25606,25673,11644,0,0
2018.08.24,25674,25828,25651,25800,11078,0,0
2018.08.27,25811,26086,25803,26080,10130,0,0
2018.08.28,26082,26155,26042,26086,9993,0,0
2018.08.29,26090,26185,26049,26150,10166,0,0
2018.08.30,26152,26166,25945,25982,12056,0,0
2018.08.31,25972,26048,25895,26034,12719,0,0
2018.09.03,26020,26079,25958,26027,7799,0,0
2018.09.04,26024,26068,25816,25984,13336,0,0
2018.09.05,25988,26025,25840,25981,13664,0,0
2018.09.06,25976,26093,25893,26013,14499,0,0
2018.09.07,26009,26037,25831,25941,15551,0,0
2018.09.10,25938,26060,25872,25896,12868,0,0
2018.09.11,25892,26034,25763,26006,12047,0,0
2018.09.12,26007,26161,25938,26002,13454,0,0
2018.09.13,25998,26202,25979,26157,12758,0,0
2018.09.14,26155,26248,26105,26181,45803,0,0
2018.09.17,26173,26222,26065,26104,47599,0,0
2018.09.18,26088,26356,25988,26310,55897,0,0
2018.09.19,26316,26502,26263,26475,44273,0,0
2018.09.20,26475,26743,26454,26742,45781,0,0
2018.09.21,26731,26818,26713,26745,49581,0,0
2018.09.24,26707,26738,26576,26620,49336,0,0
2018.09.25,26615,26703,26500,26524,43357,0,0
2018.09.26,26519,26626,26368,26416,47034,0,0
2018.09.27,26409,26575,26356,26493,52628,0,0
2018.09.28,26495,26533,26346,26501,58904,0,0
2018.10.01,26515,26753,26515,26674,50177,0,0
2018.10.02,26673,26836,26551,26818,55491,0,0
2018.10.03,26808,26964,26773,26822,55912,0,0
2018.10.04,26826,26826,26482,26685,88126,0,0
2018.10.05,26678,26734,26310,26498,96704,0,0
2018.10.08,26510,26548,26225,26532,92198,0,0
2018.10.09,26531,26558,26336,26473,89083,0,0
2018.10.10,26463,26520,25429,25433,123318,0,0
2018.10.11,25470,25679,24892,25209,203493,0,0
2018.10.12,25214,25544,24993,25349,160623,0,0
2018.10.15,25333,25470,25109,25180,131918,0,0
2018.10.16,25172,25801,25163,25765,99447,0,0
2018.10.17,25740,25844,25459,25744,116430,0,0
2018.10.18,25718,25724,25217,25393,129444,0,0
2018.10.19,25383,25595,25336,25436,121945,0,0
2018.10.22,25337,25565,25219,25305,126307,0,0
2018.10.23,25294,25307,24750,25243,161300,0,0
2018.10.24,25239,25337,24510,24714,154419,0,0
2018.10.25,24689,25076,24569,24833,160962,0,0
2018.10.26,24778,24883,24414,24691,187542,0,0
2018.10.28,24714,24849,24714,24808,1969,0,0
2018.10.29,24807,25004,24085,24376,165149,0,0
2018.10.30,24376,24895,24329,24849,157179,0,0
2018.10.31,24848,25302,24821,25089,125497,0,0
2018.11.01,25092,25361,25058,25252,115894,0,0
2018.11.02,25252,25682,25037,25228,143971,0,0
2018.11.05,25219,25464,25128,25445,104521,0,0
2018.11.06,25436,25658,25364,25635,99196,0,0
2018.11.07,25619,26196,25531,26182,125818,0,0
2018.11.08,26173,26267,26067,26181,96525,0,0
2018.11.09,26173,26233,25872,25961,115168,0,0
2018.11.12,25968,26095,25332,25394,127204,0,0
2018.11.13,25404,25565,25180,25330,146211,0,0
2018.11.14,25365,25487,24922,25075,153547,0,0
2018.11.15,25075,25348,24781,25330,159151,0,0
2018.11.16,25309,25503,25094,25444,134402,0,0
2018.11.19,25383,25491,24889,25037,129965,0,0
2018.11.20,25036,25041,24354,24416,161369,0,0
2018.11.21,24433,24659,24378,24470,122522,0,0
2018.11.22,24467,24537,24295,24324,48856,0,0
2018.11.23,24341,24425,24245,24256,73119,0,0
2018.11.26,24273,24664,24268,24501,99050,0,0
2018.11.27,24518,24780,24404,24771,118674,0,0
2018.11.28,24776,25367,24724,25334,106082,0,0
2018.11.29,25316,25482,25205,25370,103742,0,0
2018.11.30,25366,25600,25222,25586,87581,0,0
2018.12.03,25879,26087,25683,25829,119406,0,0
2018.12.04,25827,25835,24998,25038,145111,0,0
2018.12.05,25023,25186,25002,25156,29761,0,0
2018.12.06,25128,25128,24254,24930,188571,0,0
2018.12.07,24925,25114,24297,24419,165469,0,0
2018.12.10,24322,24516,23893,24475,167444,0,0
2018.12.11,24484,24840,24249,24350,75253,0,0
2018.12.12,24359,24858,24352,24557,79204,0,1
2018.12.13,24576,24769,24499,24594,75879,0,1
2018.12.14,24598,24626,24055,24073,112104,0,1
2018.12.17,24032,24238,23474,23703,120864,0,1
2018.12.18,23701,23948,23531,23571,126400,0,1
2018.12.19,23554,24071,23169,23299,124215,0,1
2018.12.20,23310,23433,22638,23039,176428,0,1
2018.12.21,23011,23245,22369,22464,159054,0,1
2018.12.24,22303,22569,21679,21694,114383,0,1
2018.12.26,21729,22968,21448,22869,176382,0,1
2018.12.27,22886,23196,22241,23093,180188,0,1
2018.12.28,23116,23370,22955,23034,168710,0,1
2018.12.31,23141,23349,23089,23313,101547,0,1
2019.01.02,23303,23414,22786,23123,164274,0,1
2019.01.03,23037,23122,22614,22685,161206,0,1
2019.01.04,22686,23501,22561,23388,159558,0,1
2019.01.07,23439,23666,23278,23536,130877,0,1
2019.01.08,23530,23846,23494,23729,127819,0,1
2019.01.09,23719,23964,23711,23839,122303,0,1
2019.01.10,23818,23997,23638,23962,124120,0,1
2019.01.11,23957,23993,23766,23949,97965,0,1
2019.01.14,23890,23934,23695,23870,87134,0,1
2019.01.15,23867,24070,23823,23990,109203,0,1
2019.01.16,23980,24258,23956,24169,91176,0,1
2019.01.17,24158,24448,24009,24345,98577,0,1
2019.01.18,24337,24736,24296,24735,100434,0,1
2019.01.21,24687,24698,24526,24613,37955,0,1
2019.01.22,24577,24642,24215,24413,104729,0,1
2019.01.23,24383,24671,24277,24539,113256,0,1
2019.01.24,24516,24606,24385,24486,110252,0,1
2019.01.25,24477,24829,24455,24726,93768,0,1
2019.01.28,24665,24705,24284,24461,100400,0,1
2019.01.29,24456,24638,24347,24621,94251,0,1
2019.01.30,24636,25067,24539,24973,103758,0,1
2019.01.31,24928,25045,24795,25036,99459,0,1
2019.02.01,25023,25140,24932,25000,101801,0,1
2019.02.04,24943,25197,24923,25171,66573,0,1
2019.02.05,25173,25372,25139,25321,65403,0,1
2019.02.06,25318,25386,25256,25317,68941,0,1
2019.02.07,25302,25329,24965,25119,104121,0,1
2019.02.08,25114,25120,24860,25101,97483,0,1
2019.02.11,25121,25224,24980,25020,78710,0,1
2019.02.12,25006,25438,25000,25409,66820,0,1
2019.02.13,25392,25605,25383,25483,69548,0,1
2019.02.14,25483,25618,25303,25409,94267,0,1
2019.02.15,25402,25904,25274,25893,84947,0,1
2019.02.18,25882,25933,25845,25903,32809,0,1
2019.02.19,25890,25956,25787,25880,63197,0,1
2019.02.20,25874,25984,25823,25963,78010,0,1
2019.02.21,25957,26080,25752,25834,86506,0,1
2019.02.22,25831,26043,25803,26039,70618,0,1
2019.02.25,26081,26237,26037,26081,67240,0,1
2019.02.26,26086,26149,25952,26015,76426,0,1
2019.02.27,26003,26054,25871,26027,65394,0,1
2019.02.28,26018,26028,25877,25926,71543,0,1
2019.03.01,25914,26141,25892,26042,66389,0,1
2019.03.04,26105,26166,25604,25804,90892,0,1
2019.03.05,25799,25889,25720,25798,78065,0,1
2019.03.06,25780,25832,25623,25667,80876,0,1
2019.03.07,25664,25706,25337,25495,84340,0,1
2019.03.08,25488,25551,25245,25549,94552,0,1
2019.03.10,25475,25498,25450,25475,1105,0,1
2019.03.11,25474,25787,25250,25780,76075,0,1
2019.03.12,25779,25792,25546,25595,74544,0,1
2019.03.13,25593,25815,25492,25803,73480,0,1
2019.03.14,25804,25828,25651,25755,68247,0,1
2019.03.15,25754,25960,25677,25893,72614,0,1
2019.03.17,25867,25883,25850,25855,643,0,1
2019.03.18,25854,25985,25808,25974,57859,0,1
2019.03.19,25971,26145,25846,25878,69355,0,1
2019.03.20,25877,25966,25689,25732,88458,0,1
2019.03.21,25732,26041,25607,26001,82957,0,1
2019.03.22,26000,26035,25529,25543,118108,0,1
2019.03.24,25600,25646,25557,25584,1804,0,1
2019.03.25,25585,25630,25376,25562,117985,0,1
2019.03.26,25560,25821,25559,25626,92248,0,1
2019.03.27,25624,25779,25440,25614,106631,0,1
2019.03.28,25612,25760,25523,25738,90350,0,1
2019.03.29,25737,25962,25729,25956,74341,0,1
2019.04.01,25987,26287,25987,26245,71276,0,1
2019.04.02,26229,26278,26125,26141,61512,0,1
2019.04.03,26141,26302,26131,26242,71729,0,1
2019.04.04,26305,26408,26195,26394,68462,0,1
2019.04.05,26382,26506,26359,26380,59414,0,1
2019.04.08,26377,26410,26247,26342,55487,0,1
2019.04.09,26333,26348,26103,26146,58649,0,1
2019.04.10,26144,26233,26105,26174,56524,0,1
2019.04.11,26169,26228,26060,26154,57179,0,1
2019.04.12,26146,26440,26138,26414,56769,0,1
2019.04.15,26417,26474,26315,26383,48311,0,1
2019.04.16,26385,26553,26374,26432,55758,0,1
2019.04.17,26416,26516,26382,26434,62104,0,1
2019.04.18,26435,26599,26309,26574,67048,0,1
2019.04.22,26560,26627,26447,26511,44871,0,1
2019.04.23,26510,26688,26460,26644,51142,0,1
2019.04.24,26642,26694,26517,26526,56049,0,1
2019.04.25,26527,26576,26290,26422,59946,0,1
2019.04.26,26405,26528,26344,26494,64953,0,1
2019.04.29,26497,26583,26482,26563,47172,0,1
2019.04.30,26561,26652,26397,26640,59314,0,1
2019.05.01,26644,26689,26332,26337,60525,0,1
2019.05.02,26325,26459,26147,26274,84970,0,1
2019.05.03,26275,26516,26241,26513,59347,0,1
2019.05.06,26163,26445,25930,26233,113628,0,1
2019.05.07,26211,26392,25751,25966,132331,0,1
2019.05.08,25957,26078,25798,25988,119787,0,1
2019.05.09,25978,25993,25499,25806,131952,0,1
2019.05.10,25789,26012,25463,25959,158328,0,1
2019.05.13,25754,25812,25214,25288,140427,0,1
2019.05.14,25272,25676,25215,25576,100864,0,1
2019.05.15,25577,25713,25326,25666,103702,0,1
2019.05.16,25655,25954,25552,25874,94088,0,1
2019.05.17,25877,25948,25627,25767,117267,0,1
2019.05.20,25766,25898,25552,25719,114079,0,1
2019.05.21,25724,25894,25712,25857,83057,0,1
2019.05.22,25858,25901,25732,25763,83090,0,1
2019.05.23,25770,25776,25319,25494,114676,0,1
2019.05.24,25485,25663,25454,25609,84331,0,1
2019.05.27,25607,25695,25582,25644,34217,0,1
2019.05.28,25636,25715,25328,25364,88644,0,1
2019.05.29,25359,25374,24936,25107,110646,0,1
2019.05.30,25098,25215,25054,25185,80135,0,1
2019.05.31,25172,25188,24788,24807,110813,0,1
2019.06.03,24734,24936,24609,24912,124783,0,1
2019.06.04,24908,25362,24822,25358,96315,0,1
2019.06.05,25362,25571,25342,25561,93296,0,1
2019.06.06,25490,25806,25434,25701,90947,0,1
2019.06.07,25684,26083,25680,26026,79274,0,1
2019.06.10,26192,26270,26045,26095,73310,0,1
2019.06.11,26099,26260,26007,26067,77571,0,1
2019.06.12,26061,26098,25960,26015,59859,0,1
2019.06.13,26014,26155,25893,26138,63625,0,1
2019.06.14,26133,26181,26006,26135,70173,0,1
2019.06.17,26125,26216,26063,26150,51527,0,1
2019.06.18,26155,26548,26073,26498,76804,0,1
2019.06.19,26488,26586,26430,26525,71497,0,1
2019.06.20,26511,26810,26511,26759,74300,0,1
2019.06.21,26756,26921,26675,26677,74093,0,1
2019.06.24,26667,26814,26660,26754,53764,0,1
2019.06.25,26753,26824,26539,26563,73295,0,1
2019.06.26,26558,26702,26506,26524,71719,0,1
2019.06.27,26515,26665,26444,26553,64650,0,1
2019.06.28,26580,26672,26520,26647,53510,0,1
2019.07.01,26807,26893,26608,26697,70064,0,1
2019.07.02,26694,26803,26622,26794,55968,0,1
2019.07.03,26798,26981,26748,26967,43399,0,1
2019.07.04,26972,27006,26937,26987,19348,0,1
2019.07.05,26985,27003,26727,26901,59473,0,1
2019.07.08,26885,26921,26741,26791,55836,0,1
2019.07.09,26780,26807,26655,26784,52794,0,1
2019.07.10,26780,26982,26687,26856,65623,0,1
2019.07.11,26853,27091,26849,27081,59754,0,1
2019.07.12,27070,27329,27068,27310,47080,0,1
2019.07.15,27301,27396,27260,27338,42230,0,1
2019.07.16,27338,27395,27278,27318,47722,0,1
2019.07.17,27314,27376,27183,27184,47322,0,1
2019.07.18,27153,27302,27056,27293,64035,0,1
2019.07.19,27304,27340,27069,27079,71438,0,1
2019.07.22,27101,27213,27077,27171,62535,0,1
2019.07.23,27177,27357,27157,27300,54164,0,1
2019.07.24,27296,27345,27174,27239,57321,0,1
2019.07.25,27241,27348,27038,27088,76459,0,1
2019.07.26,27087,27192,27074,27141,47781,0,1
2019.07.29,27139,27254,27109,27209,43550,0,1
2019.07.30,27206,27249,27041,27199,60205,0,1
2019.07.31,27207,27256,26693,26786,79124,0,1
2019.08.01,26755,27147,26509,26512,118328,0,1
2019.08.02,26529,26659,26211,26453,155042,0,1
2019.08.05,26419,26458,25473,25506,163167,0,1
2019.08.06,25441,25996,25029,25919,174815,0,1
2019.08.07,25903,26034,25391,25937,160947,0,1
2019.08.08,25924,26371,25843,26362,111011,0,1
2019.08.09,26262,26393,26073,26298,123826,0,1
2019.08.12,26268,26352,25803,25882,120367,0,1
2019.08.13,25875,26406,25748,26315,133678,0,1
2019.08.14,26303,26348,25409,25412,149649,0,1
2019.08.15,25386,25706,25225,25595,171608,0,1
2019.08.16,25593,25927,25573,25913,106808,0,1
2019.08.19,25911,26236,25911,26115,82430,0,1
2019.08.20,26110,26198,25884,25892,90394,0,1
2019.08.21,25881,26265,25870,26253,76380,0,1
2019.08.22,26243,26374,26085,26211,92729,0,1
2019.08.23,26205,26346,25490,25633,143966,0,1
2019.08.26,25446,25979,25262,25917,144635,0,1
2019.08.27,25928,26065,25711,25763,117720,0,1
2019.08.28,25748,26043,25620,25992,99071,0,1
2019.08.29,25993,26405,25927,26363,91793,0,1
2019.08.30,26355,26558,26297,26398,97386,0,1
2019.09.02,26203,26371,26077,26180,43414,0,1
2019.09.03,26178,26301,25976,26110,115448,0,1
2019.09.04,26098,26387,26081,26374,79395,0,1
2019.09.05,26370,26843,26353,26689,93868,0,1
2019.09.06,26684,26867,26682,26837,81669,0,1
2019.09.09,26811,26912,26771,26853,66950,0,1
2019.09.10,26849,26918,26716,26906,92248,0,1
2019.09.11,26894,27165,26846,27152,77055,0,1
2019.09.12,27150,27317,27094,27157,71017,0,1
2019.09.13,27178,27310,27175,27224,66994,0,1
2019.09.16,27098,27174,27006,27107,82249,0,1
2019.09.17,27111,27133,26982,27115,66755,0,1
2019.09.18,27113,27180,26899,27155,61436,0,1
2019.09.19,27160,27262,26991,27079,74147,0,1
2019.09.20,27072,27175,26873,26892,72190,0,1
2019.09.23,26957,27040,26802,26995,69419,0,1
2019.09.24,27009,27098,26684,26845,94844,0,1
2019.09.25,26842,26999,26716,26957,92917,0,1
2019.09.26,26954,27040,26780,26883,84700,0,1
2019.09.27,26884,26991,26687,26835,96109,0,1
2019.09.30,26904,26970,26803,26956,74849,0,1
2019.10.01,26945,27040,26513,26549,94787,0,1
2019.10.02,26553,26615,25929,26007,112854,0,1
2019.10.03,26000,26185,25704,26171,119391,0,1
2019.10.04,26166,26548,26058,26525,95518,0,1
2019.10.07,26342,26615,26337,26423,87112,0,1
2019.10.08,26415,26549,26092,26141,118380,0,1
2019.10.09,26139,26399,26081,26326,101443,0,1
2019.10.10,26318,26597,25980,26564,135220,0,1
2019.10.11,26555,26974,26494,26789,110553,0,1
2019.10.14,26759,26892,26635,26751,78695,0,1
2019.10.15,26748,27077,26748,26994,72951,0,1
2019.10.16,26998,27016,26891,26928,76468,0,1
2019.10.17,26922,27087,26873,26993,74650,0,1
2019.10.18,26988,27023,26724,26763,76773,0,1
2019.10.21,26720,26837,26701,26793,60121,0,1
2019.10.22,26796,26903,26713,26733,65237,0,1
2019.10.23,26741,26850,26586,26792,71865,0,1
2019.10.24,26814,26870,26654,26749,65909,0,1
2019.10.25,26763,26965,26708,26903,53909,0,1
2019.10.27,26927,26951,26921,26942,851,0,4
2019.10.28,26941,27119,26932,27045,47470,0,1
2019.10.29,27044,27109,26967,27040,48613,0,1
2019.10.30,27037,27229,26940,27157,56819,0,1
2019.10.31,27155,27175,26846,26962,74085,0,1
2019.11.01,26962,27277,26960,27266,48860,0,1
2019.11.04,27286,27448,27271,27387,47904,0,1
2019.11.05,27393,27493,27364,27421,54467,0,1
2019.11.06,27418,27468,27336,27443,51202,0,1
2019.11.07,27442,27737,27387,27682,61081,0,1
2019.11.08,27676,27714,27542,27642,53817,0,1
2019.11.11,27637,27672,27469,27660,45826,0,1
2019.11.12,27655,27731,27595,27649,53565,0,1
2019.11.13,27656,27770,27522,27769,57606,0,1
2019.11.14,27763,27804,27632,27752,63646,0,1
2019.11.15,27749,27969,27733,27964,49033,0,1
2019.11.18,27954,28058,27924,28012,53385,0,1
2019.11.19,28009,28128,27850,27883,54329,0,1
2019.11.20,27879,27879,27642,27797,75490,0,1
2019.11.21,27682,27845,27651,27745,83846,0,1
2019.11.22,27746,27874,27720,27857,55384,0,1
2019.11.25,27930,28044,27902,28029,33851,0,1
2019.11.26,28025,28147,27998,28131,49093,0,1
2019.11.27,28118,28172,28056,28150,37925,0,1
2019.11.28,28148,28153,28042,28106,20041,0,1
2019.11.29,28108,28120,28040,28067,32029,0,1
2019.12.02,28081,28197,28077,28190,13729,0,1
